slug;quelldatei;sha256;seiten;woerter;tabellen;wortdeckung_prozent;woertlich;ocr;befund;status
02-tisax-participant-price-list-de;02-TISAX-Participant-Price-List-DE.pdf;69551c8fe720db5b42a8201f839e58bd5ac68d0468d52b942ddad99bd9603496;2;555;4;100.0;True;False;vollstaendig;ok
800-218-deltas-from-draft-to-final;800-218-deltas-from-draft-to-final.docx;517d0db2b62df0b6a6b24004fe6dfb0c8a26bd1713178efd799beb8b69781c17;0;13398;3;99.956;True;False;Rest woertlich angehaengt;warn
800-218-deltas-from-wp-to-final;800-218-deltas-from-wp-to-final.docx;4f4a2aa689ed2c0f5a6cf6e718b773e980b066327dfa524c8198e92f61ef7a6c;0;11352;1;99.923;True;False;Rest woertlich angehaengt;warn
870613494-iso-42005-1748855681;870613494-ISO-42005-1748855681.pdf;1ac56220d521e75655008976bb9adff70a104472af086ceb83d4045a8ed1e9cc;12;4311;2;100.0;True;False;vollstaendig;warn
a01-sicherheitsleitlinie;A01_Sicherheitsleitlinie.pdf;c3fc8e24daa03ac41e17d6f2dbbb709076f99d0fa3fdd1b572b793ea60b8ad8a;12;1558;4;100.0;True;False;vollstaendig;ok
a02-richtlinie-risikoanalyse;A02_Richtlinie_Risikoanalyse.pdf;5bba2a025bc18f5400cc7b07f82fd6ee9544e3731ee5a1bc43b45ab440667783;9;939;5;100.0;True;False;vollstaendig;ok
a03-richtlinie-lenkung-dokumenten-und-aufzeichnungen;A03_Richtlinie_Lenkung_Dokumenten_und_Aufzeichnungen.pdf;d19cb7c318815fdc8e94cd203e31efa13ecda9c4fb8a77c1c5f1485b7d524029;8;807;5;100.0;True;False;vollstaendig;warn
a04-richtlinie-internen-isms-auditierung;A04_Richtlinie_internen_ISMS_Auditierung.pdf;ba3ce803bfaebe072057203c9a87847fd936ff97c7ab7848c01ea2e50d9908a1;7;551;4;100.0;True;False;vollstaendig;ok
a05-richtlinie-lenkung-korrektur-vorbeugungsm;A05_Richtlinie_Lenkung_Korrektur_Vorbeugungsm.pdf;372296d9f1392e8b2804bda57404a04c7e7965ed5f6c30bf18fe6e3530bc7b51;7;618;4;100.0;True;False;vollstaendig;warn
a1-strukturanalyse-abhaengigkeiten-recplast-gmbh;A1_Strukturanalyse-Abhaengigkeiten_RECPLAST_GmbH.xlsx;de1abb5e0488905d456c1976191786ef4fd59730e2e25f3b1553f0b87f4214e4;1;42719;1;100.0;True;False;vollstaendig;ok
a1-strukturanalyse-recplast-gmbh;A1_Strukturanalyse_RECPLAST_GmbH.xlsx;ea5e07f0e737c82d9e2dfa5e1b81a11f37dfff09019c7dfe73b90d240fd1be8e;1;23709;1;100.0;True;False;vollstaendig;ok
a11-abgrenzung-des-informationsverbunds;A11_Abgrenzung_des_Informationsverbunds.pdf;54ef8147b025514119db29fcb936edc9331a8ec847368725806d7a038d6e2be8;9;904;5;100.0;True;False;vollstaendig;warn
a18-liste-der-dienstleister;A18-Liste-der-Dienstleister.xlsx;d1e26e3ab66eaf634aceed8c0d309e176b6fe608e276ae20170e9b045a0d195a;1;112;1;100.0;True;False;vollstaendig;ok
a21-definition-schutzbedarfskategorien;A21_Definition_Schutzbedarfskategorien.pdf;edd0d73e31ff3c919d40f18d8d871ccc5c459f6dcab34b6c47c171427eda989c;8;581;9;100.0;True;False;vollstaendig;warn
a3-modellierung-recplast-gmbh;A3_Modellierung_Recplast_GmbH.xlsx;174c02566e9bed2a54d8d4cbd61b9d15a1c891e7e86b947a8078d9cc8d202012;1;118030;1;100.0;True;False;vollstaendig;ok
am;AM.yml;ebd48e61fb89177a2603ab202d30054acd82465186d6e605d95f88db0db57cc4;0;3893;0;100.0;True;False;vollstaendig;warn
anlagen-1787848763940;Anlagen-1787848763940.pdf;7d42db6051a26da42b4b7af0d8194d793f18ddea44dedb14defd3043b7fb0e4f;11;2573;5;100.0;True;False;vollstaendig;warn
anlagen-2511-20920v1;Anlagen-2511-20920v1.pdf;43fed3673874653a96f254cfd35fb14ba871f95d16bf813b582edb16145468ce;17;13210;2;100.0;True;False;vollstaendig;warn
anlagen-enisa-cra-srp-factsheet-v1-0-0;Anlagen-ENISA_CRA_SRP_Factsheet_v1.0_0.pdf;159b1b849008aa39ca6ad5229287eedde8b3c2f3a7c28baa91dccd4ff55c3546;2;661;0;100.0;True;False;vollstaendig;warn
anlagen-nist-ir-8613-ipd;Anlagen-NIST.IR.8613.ipd.pdf;e0ec57bc76726e310fa54a2ee09d214e6b2f07b5e4cd9a174405d0404e0c9d3a;79;22286;41;100.0;True;False;vollstaendig;warn
app-1-1-office-produkte-pdf-clean;APP.1.1-Office-Produkte.pdf.clean.pdf;795941cfceac9027a937e61d9c06d49f1b6ebb22cac30dbf60d2b6a0b8c23930;5;1799;1;100.0;True;False;vollstaendig;ok
app-1-2-webbrowser-pdf-clean;APP.1.2-Webbrowser.pdf.clean.pdf;16ce7b05ea4642b3de781b621248a67fc17d778c390b5707e6e5e6d314d66fd5;6;1890;1;100.0;True;False;vollstaendig;ok
app-1-4-mobile-anwendungen-apps-pdf-clean;APP.1.4-Mobile-Anwendungen-Apps-.pdf.clean.pdf;73119e8cd7b7fee67805d43ec684518e5990edbbff8ba6587bebdfb2ad450aca;6;2023;1;100.0;True;False;vollstaendig;ok
app-2-1-allgemeiner-verzeichnisdienst-pdf-clean;APP.2.1-Allgemeiner-Verzeichnisdienst.pdf.clean.pdf;8b042fa96250ceb7cab48213cc8ea1f570986c66ea656072a52393829cc5ee07;7;2385;1;100.0;True;False;vollstaendig;ok
app-2-2-active-directory-domain-services-pdf-clean;APP.2.2-Active-Directory-Domain-Services.pdf.clean.pdf;f63944ba1c201db15662d7dcaa2ff745dd4667bbd7f313e0d183431cfbd7cedf;9;3665;1;100.0;True;False;vollstaendig;ok
app-2-3-openldap-pdf-clean;APP.2.3-OpenLDAP.pdf.clean.pdf;f8ef7d9de3102eea1462e7e147f2e8a105817235b70d3fb334462fb596187d4d;5;1543;1;100.0;True;False;vollstaendig;ok
app-3-1-webanwendungen-und-webservices-pdf-clean;APP.3.1-Webanwendungen-und-Webservices.pdf.clean.pdf;261ded73f63e34e92a16ddaa9f471c5c142784a0cfee4b6e8d259d1597993ae7;6;1799;1;100.0;True;False;vollstaendig;ok
app-3-2-webserver-pdf-clean;APP.3.2-Webserver.pdf.clean.pdf;9a57d65bcac32fe32b96c513734dee5485984f543eac1163627fd3d977357916;6;2056;1;100.0;True;False;vollstaendig;ok
app-3-3-fileserver-pdf-clean;APP.3.3-Fileserver.pdf.clean.pdf;010e53f2345e2a8f592a25700f16dff78c5ee24b08942d8deacdda5aa856255a;6;1928;1;100.0;True;False;vollstaendig;ok
app-3-4-samba-pdf-clean;APP.3.4-Samba.pdf.clean.pdf;05aeeeaf7665d611cc85c27b4b90937d5c260118ed372249a2b8c9a29a5145a7;6;1868;1;100.0;True;False;vollstaendig;ok
app-3-6-dns-server-pdf-clean;APP.3.6-DNS-Server.pdf.clean.pdf;77f46be5c2c9c60fff3f1227df971bcc482b93057e3f199f77765bfdf5e4003a;7;2709;1;100.0;True;False;vollstaendig;ok
app-4-2-sap-erp-system-pdf-clean;APP.4.2-SAP-ERP-System.pdf.clean.pdf;d98e3d59b2f492c542637874dcd1ebcbe4bfd7a2f0f057117d19c6da98df498f;9;3283;1;100.0;True;False;vollstaendig;ok
app-4-3-relationale-datenbanken-pdf-clean;APP.4.3-Relationale-Datenbanken.pdf.clean.pdf;10f35037ea82741f348f05c23667dc0e6694c56a6efbeca3940501bc335b8693;7;2428;1;100.0;True;False;vollstaendig;ok
app-4-4-kubernetes-pdf-clean;APP.4.4-Kubernetes.pdf.clean.pdf;03c63c58909476e20e3ec4da5e2b8be4beb03cf55c7a708bf11854c8f2a6be44;8;2856;1;100.0;True;False;vollstaendig;ok
app-4-6-sap-abap-programmierung-pdf-clean;APP.4.6-SAP-ABAP-Programmierung.pdf.clean.pdf;7c3d701fc12c0c3c9d636e8579712984e61d24788829d8f0fc3f38adedf63911;6;1779;1;100.0;True;False;vollstaendig;ok
app-5-2-microsoft-exchange-und-outlook-pdf-clean;APP.5.2-Microsoft-Exchange-und-Outlook.pdf.clean.pdf;a3b4bb1ebe60bd2fa942d34750686a45e0dc48d30664ad49a3ba78cf6a864863;7;2138;1;100.0;True;False;vollstaendig;ok
app-5-3-allgemeiner-e-mail-client-und-server-pdf-clean;APP.5.3-Allgemeiner-E-Mail-Client-und--Server.pdf.clean.pdf;f31b2875fdcc57422ed8ae6873d542f6753a42516607ffd4d336890c211d7aae;7;2652;1;100.0;True;False;vollstaendig;ok
app-5-4-unified-communications-und-collaboration-ucc-pdf-clean;APP.5.4-Unified-Communications-und-Collaboration-UCC-.pdf.clean.pdf;1ab59d2ff18a98820ab936b2c1adf90e14bb23e39f8d8228757e70a21ebf3126;11;3979;1;100.0;True;False;vollstaendig;ok
app-6-allgemeine-software-pdf-clean;APP.6-Allgemeine-Software.pdf.clean.pdf;8dd0bf305c940c26af17bf70d4c9e75257be13e355dd8ebd605fbfdbfcf3acb2;7;2658;1;100.0;True;False;vollstaendig;ok
app-7-entwicklung-von-individualsoftware-pdf-clean;APP.7-Entwicklung-von-Individualsoftware.pdf.clean.pdf;c2adb4d01fd7d66ca61a4eb56d944b24cd6f1f4eeab5d952f751678d181d7ceb;6;1993;1;100.0;True;False;vollstaendig;ok
aufsichtsbeho-rden-openkritis;Aufsichtsbeho-rden-OpenKRITIS.pdf;86972dc8737fe4f9e898fcf66b7f6f6b89f92ab3f37ff78e83d33ec7f8759d06;7;1830;0;100.0;True;False;vollstaendig;ok
bcm;BCM.yml;5a6024a76885e8ae2f2e1545a793843b4de357a0f9a4532dfec80893922f99f5;0;1644;0;100.0;True;False;vollstaendig;warn
bcm-und-it-notfallmanagement-in-kritischen-infrastrukturen-openkritis;BCM-und-IT-Notfallmanagement-in-Kritischen-Infrastrukturen-OpenKRITIS.pdf;384e4dda615990e99cb2a18e1b2a8887d7dea1bc521d00b03f122f24b6bad947;11;2547;9;100.0;True;False;vollstaendig;warn
berrendorf-byod;Berrendorf_BYOD.pdf;9d16bba788d4ccf47f69a3c208994283a43ad6dcbf95b6481f159fe80b704af3;150;39740;71;100.0;True;False;vollstaendig;warn
beschluss2016-35-14-anlage1-cloud-computing;Beschluss2016-35_14_Anlage1_Cloud-Computing.pdf;d06cbc6a2bd925318a987bb416f192297d25d29568077fb2e2a890e2edcba687;6;1343;0;100.0;True;False;vollstaendig;ok
beschreibung-recplast;Beschreibung_Recplast.pdf;e1a0b67810aa85b2cd2f8d3cfe911aaa19b094f65babf6d486b149d00ac03a9f;69;15083;70;100.0;True;False;vollstaendig;warn
beschreibung-tisax-und-vda-isa-f-r-vda-webseite-de;Beschreibung-TISAX-und-VDA-ISA-f-r-VDA-Webseite-DE.pdf;835e6cb38bb9840165c8a59d25154dfa1959943723d78cc9ae9bb7ac4395b6bd;2;755;0;100.0;True;False;vollstaendig;warn
betreiber-und-einrichtungen-in-kritis-openkritis;Betreiber-und-Einrichtungen-in-KRITIS-OpenKRITIS.pdf;91731ab51cd891c6fb2ce127d40cd5de5c9598bf24d07f38be5d017af185f449;7;1166;1;100.0;True;False;vollstaendig;warn
betriebsfu-hrer-im-energiesektor-openkritis;Betriebsfu-hrer-im-Energiesektor-OpenKRITIS.pdf;0545dcfe19a575f9854a19445ac5f7f70c218730d534f2d61e3522b2efe04333;8;1727;0;100.0;True;False;vollstaendig;ok
bgbl-bundesgesetzblatt-teil-i-2017-nr-40-vom-29-06-2017-bgbl117s1885;bgbl_Bundesgesetzblatt-Teil-I_2017_Nr.-40-vom-29.06.2017_bgbl117s1885.pdf;848e51e67ffee3cfe78dcc8710cec001fc4687d0661355b19c2972dccbec25ee;8;5201;1;100.0;True;False;vollstaendig;warn
bgbl-bundesgesetzblatt-teil-i-2021-nr-25-vom-27-05-2021-bgbl121s1122;bgbl_Bundesgesetzblatt-Teil-I_2021_Nr.-25-vom-27.05.2021_bgbl121s1122.pdf;444c64fceffa534db56b5f46b0134bd08ff275bb3b9b7299ddec8f240bd2ccc4;17;12211;0;100.0;True;False;vollstaendig;warn
bjnr0420b0026;BJNR0420B0026.xml;0544d5d6ee6214babd3aa4ce196f9577869bb8ae24ac602a039109ab13d034f0;0;11095;0;100.0;True;False;vollstaendig;warn
bjnr095800016;BJNR095800016.xml;33aa9ed12b3f8bfa2abaebf228d75e5fac7fa8ed2add27c2ee0cc859687b5afb;0;26915;0;100.0;True;False;vollstaendig;warn
bjnr12d0b0025;BJNR12D0B0025.xml;164bf3a704f05ec4c55861d912efb6104945070067c02525c8e422c251064dc1;0;35265;0;100.0;True;False;vollstaendig;warn
browser-abgleich-mindeststandard-webbrowser-v3;Browser-Abgleich_Mindeststandard_Webbrowser_V3.pdf;fd79138bbe21c76d0f80d5cfbae4a609656fcd1c4a48121b19a90aa7b5b05996;13;1886;21;100.0;True;False;vollstaendig;warn
bsi-benutzerdefinierte-bausteine;BSI---Benutzerdefinierte-Bausteine.pdf;4ec8207dcf0f836458bc1755d2ed7ad69f393a50756d565154613a7d85ed6aed;4;1230;0;100.0;True;False;vollstaendig;warn
bsi-externe-cloud-dienste;BSI---Externe-Cloud-Dienste.pdf;712ea5f1f53c2e66ac2182e677d4d3c2ca8a804fc5647bab5084c303f8eff6a9;4;919;0;100.0;True;False;vollstaendig;warn
bsi-grundschutz;BSI---Grundschutz.pdf;78248a7b570158a0426c52e807d1b9fdf3e2a2a7c52622fe620f1aae5356c501;5;1038;0;100.0;True;False;vollstaendig;warn
bsi-isms-itkb;BSI---ISMS-ITKB.pdf;04945ce3ab14f2bb4faef78da80454a560cfc94ec89b1e381859389ad10712d2;4;702;0;100.0;True;False;vollstaendig;warn
bsi-it-grundschutz-hilfsmittel-und-anwenderbeitra-ge;BSI---IT-Grundschutz-Hilfsmittel-und-Anwenderbeitra-ge.pdf;55cfb5f575a5cb30383283eb9a10a2b001207bb0eebdf6be27c779104a6e6291;2;296;0;100.0;True;False;vollstaendig;warn
bsi-mindeststandard-zum-hv-benchmark-kompakt;BSI---Mindeststandard-zum-HV-Benchmark-kompakt.pdf;4f111a0917a87bf6ab16737b825cf08e1346b8a0b8bcacacaa403dbde8227dbf;3;756;0;100.0;True;False;vollstaendig;warn
bsi-mindeststandards;BSI---Mindeststandards.pdf;7b257d35ebebe2f9d915f49714c24782a38015b28f468afdf2ea09a639539001;7;1148;1;100.0;True;False;vollstaendig;warn
bsi-mindeststandards-mindeststandard-des-bsi-fu-r-mobile-device-management;BSI---Mindeststandards---Mindeststandard-des-BSI-fu-r-Mobile-Device-Management.pdf;7c323e8e4a185405e89b90fea56ba9132c56054c302ca465e5aa350f90ce065f;5;729;0;100.0;True;False;vollstaendig;warn
bsi-mindeststandards-mindeststandard-des-bsi-zur-nutzung-der-ressortu-bergre;BSI---Mindeststandards---Mindeststandard-des-BSI-zur-Nutzung-der-ressortu-bergre.pdf;042119f4d6b3e2ddfc021b6ef14b05805c05a3f48b71126fef9c6cefbe74ed4f;4;629;0;100.0;True;False;vollstaendig;warn
bsi-protokollierung-und-detektion;BSI---Protokollierung-und-Detektion.pdf;c181b23d68092a8e455265eddc608882a72bd0bc695a1dddc3f0494d55297517;3;524;0;100.0;True;False;vollstaendig;warn
bsi-recplast;BSI---Recplast.pdf;a7c3e4c8c67265ddbda1b87c5cfcf1e224be8e6f79f72be58e11c71e2361fe0c;4;983;0;100.0;True;False;vollstaendig;ok
bsi-schnittstellenkontrollen;BSI---Schnittstellenkontrollen.pdf;6bbbb849155f6d988803485a19c4791603ee6dd83e477f8217f40f295126bfb9;3;368;0;100.0;True;False;vollstaendig;warn
bsi-tr-02102-2;BSI-TR-02102-2.pdf;eed80d1a38ec0d7d8908765c3a09ea6f17a7ca729bef95b0d358d5d129af3f1f;19;5913;17;100.0;True;False;vollstaendig;warn
bsi-tr-03116-4;BSI-TR-03116-4.pdf;0afa9fb3c55fe5277eb43811fc44942abea39a01ac2554089c544a03c295dce2;31;8811;33;100.0;True;False;vollstaendig;warn
bsi-transport-layer-security-tls;BSI---Transport-Layer-Security-TLS.pdf;b575919764cebd8b649453918aef10ba728f75cb90bd78d2d1314bc1f0e4a29b;4;565;0;100.0;True;False;vollstaendig;warn
bsi-videokonferenzdienste;BSI---Videokonferenzdienste.pdf;90682335079a04f5e097e57937ededfa3d9647cda060c22863c1a457f5f00fa6;3;434;0;100.0;True;False;vollstaendig;warn
bsi-webbrowser;BSI---Webbrowser.pdf;0c2d5be66420fbe0dac96b13cdd8cab7985af08bf6ee287817d62a1f218ee3e8;3;439;0;100.0;True;False;vollstaendig;warn
bsi-wiba-weg-in-die-basis-absicherung;BSI---WiBA---Weg-in-die-Basis-Absicherung.pdf;4cc4afbdd1a16fb7b08ce70325695c7f80091516b3e60898184fc8ad3b4d166b;4;693;0;100.0;True;False;vollstaendig;warn
bsig-gesetz-u-ber-das-bundesamt-fu-r-sicherheit-in-der-informationstechnik-und;BSIG---Gesetz-u-ber-das-Bundesamt-fu-r-Sicherheit-in-der-Informationstechnik-und.pdf;eb64788150b047776378a96ba9520604acfaa7227f3a6b9fc080102af21915f2;35;26007;5;100.0;True;False;vollstaendig;ok
bu-gelder-und-sanktionen-in-nis2-openkritis;Bu-gelder-und-Sanktionen-in-NIS2-OpenKRITIS.pdf;588e9855ecf4086142f23fb4c32cc313dec87959ab612752f214c47588370542;10;2221;2;100.0;True;False;vollstaendig;warn
ccon-1-kryptokonzept-pdf-clean;CCON.1-Kryptokonzept.pdf.clean.pdf;01e6be8dc91855f0076b113cb46d789eb3531dae15ef8f75dfcd7add1aa0a2f6;8;2770;1;100.0;True;False;vollstaendig;ok
ccon-10-entwicklung-von-webanwendungen-pdf-clean;CCON.10-Entwicklung-von-Webanwendungen.pdf.clean.pdf;337eced083d5e816f7b19ba783de5285c7685a3985ea7a6cdf9c3aa824121d0d;7;2278;1;100.0;True;False;vollstaendig;ok
ccon-11-1-geheimschutz-vs-nur-fu-r-den-dienstgebrauch-vs-nfd-pdf-clean;CCON.11.1-Geheimschutz-VS-NUR-FU-R-DEN-DIENSTGEBRAUCH-VS-NfD-.pdf.clean.pdf;2cb8247ba4433c144eb267db8bc782d11bab166390be6bb8c68c2cc4df673563;11;4126;1;100.0;True;False;vollstaendig;ok
ccon-2-datenschutz-pdf-clean;CCON.2-Datenschutz.pdf.clean.pdf;2044d6ff9a724f67a6fc54ea2b98310a8b40765511042874b4d38b88525e4d48;5;2035;1;100.0;True;False;vollstaendig;ok
ccon-3-datensicherungskonzept-pdf-clean;CCON.3-Datensicherungskonzept.pdf.clean.pdf;cef7b8b3623f1496368fbd54fe6974537208d639a437c37fffb86689c4345116;8;2490;1;100.0;True;False;vollstaendig;ok
ccon-6-lo-schen-und-vernichten-pdf-clean;CCON.6-Lo-schen-und-Vernichten.pdf.clean.pdf;6599cf653b4889995bf1a6a8e8f9b109787bb15c509fd480d5e85efd3c2b0cad;7;2233;1;100.0;True;False;vollstaendig;ok
ccon-7-informationssicherheit-auf-auslandsreisen-pdf-clean;CCON.7-Informationssicherheit-auf-Auslandsreisen.pdf.clean.pdf;65619eef80e6ad2101c98baf5ea6c3ed3855f158a3303fdb740cf82e49b45f26;9;3536;1;100.0;True;False;vollstaendig;ok
ccon-8-software-entwicklung-pdf-clean;CCON.8-Software-Entwicklung.pdf.clean.pdf;68f031af31fa996966357a5c06b4acec0af275b903285295a7dab3ba2abb3366;10;3297;1;100.0;True;False;vollstaendig;ok
ccon-9-informationsaustausch-pdf-clean;CCON.9-Informationsaustausch.pdf.clean.pdf;4fc7c9b34ec4326467b74c467f2562014ea5d1548680c5d9b5e41cee581ff8fb;4;1287;1;100.0;True;False;vollstaendig;ok
celex-02022l2555-20221227-de-txt;CELEX_02022L2555-20221227_DE_TXT.pdf;6e1ec420f41cb33f4cf3ed155ba9ba149aaa136c207cda4443b57668bec039d4;60;21611;10;100.0;True;False;vollstaendig;warn
celex-32016r0679-de-txt;CELEX_32016R0679_DE_TXT.pdf;27b720c812be1bdf1462ff468ad6410fe94da80b48f6d10fa7e2269b9e5a1597;88;50430;0;100.0;True;False;vollstaendig;ok
celex-32019r0881-de-txt;CELEX_32019R0881_DE_TXT.pdf;657bea33a12a4ce5d528cf78174363a28edf836c0f794fc4640e7b96d544770d;55;30478;1;100.0;True;False;vollstaendig;ok
celex-32022l2555-de-txt;CELEX_32022L2555_DE_TXT.pdf;b15fc30be2d1cd6dbc78aa927206d52ac2f44e685106339f942f4932ce82aea3;73;39307;9;100.0;True;False;vollstaendig;warn
celex-32022r2554-de-txt;CELEX_32022R2554_DE_TXT.pdf;0eb896db808c049c02b6aa18a6255f188a90c034976203d8edd5cc43414e205a;79;42149;0;100.0;True;False;vollstaendig;ok
celex-32024r1689-de-txt;CELEX_32024R1689_DE_TXT.pdf;f631a60af3315700112400d55bcecbf264094863cd32660ae0a208dd7130de9c;144;85672;0;100.0;True;False;vollstaendig;ok
celex-32024r2847-de-txt;CELEX_32024R2847_DE_TXT.pdf;b0e13feea8c3c80939d89dda5516cbf2d1116be4e8d6d2299efe128c4d73e476;81;48886;1;100.0;True;False;vollstaendig;ok
checkliste-app-1-1;Checkliste-APP-1-1.xlsx;d2f640e90dd6313318d2dc9e533490f5aa6515250852e02495d3929256379272;1;1192;3;100.0;True;False;vollstaendig;ok
checkliste-app-1-2;Checkliste-APP-1-2.xlsx;c1d90ecae460e67071bdda934f84dd686b6e69581f4992ecae16e0b5dcace1fc;1;1098;3;100.0;True;False;vollstaendig;ok
checkliste-app-1-4;Checkliste-APP-1-4.xlsx;7f64f82c512db86033dab53e38fccb1a4587b92b5ac948c73b35c356a91cb543;1;652;3;100.0;True;False;vollstaendig;ok
checkliste-app-2-1;Checkliste-APP-2-1.xlsx;e08bd89bd0ee48abeadd83b59f8517ebb12afebc853b2a2089d1130fef5d03b3;1;1550;3;100.0;True;False;vollstaendig;ok
checkliste-app-2-2;Checkliste-APP-2-2.xlsx;e9ce4367eb7a1cd5b64e42ab635f8aad5ac665e8b02e83033ba3304fdfab8b19;1;1801;3;100.0;True;False;vollstaendig;ok
checkliste-app-2-3;Checkliste-APP-2-3.xlsx;fdd7aefc33504ac70425fa87024fc9dc0c430759220fb2fd4a24b503715d1a14;1;951;3;100.0;True;False;vollstaendig;ok
checkliste-app-3-1;Checkliste-APP-3-1.xlsx;216177625b79d06ff180d0f88d6626b4f62849a69222ea582a7b75ab3a502f16;1;1263;3;100.0;True;False;vollstaendig;warn
checkliste-app-3-2;Checkliste-APP-3-2.xlsx;78a015dbe6c959ebc967e663d562ea56b2b193ae94fba723d81436977b94ae23;1;1454;3;100.0;True;False;vollstaendig;warn
checkliste-app-3-3;Checkliste-APP-3-3.xlsx;4175e16f1b752145565f6247fd3fe91df1a8b43c6d6d1a4e3980e9443bd0357e;1;1046;3;100.0;True;False;vollstaendig;warn
checkliste-app-3-4;Checkliste-APP-3-4.xlsx;d58983b5e915f8f9ad20dbd9ebb5a6a8d2f4050d764b240e2964bc47a4c20bc8;1;1330;3;100.0;True;False;vollstaendig;ok
checkliste-app-3-6;Checkliste-APP-3-6.xlsx;b6fd01a1cce6dc55a0c291bbec68548a8a501ace91fae12e09937ceea8118bed;1;1465;3;100.0;True;False;vollstaendig;warn
checkliste-app-4-2;Checkliste-APP-4-2.xlsx;ef8ee55159fcc0ef5522f49bf3478baa3870cf51e0cd84e807915c4499c83b31;1;3099;3;100.0;True;False;vollstaendig;ok
checkliste-app-4-3;Checkliste-APP-4-3.xlsx;b479090212c51d14064b4c89b32a219740a370a38b373300a997a765edfabbbe;1;1671;3;100.0;True;False;vollstaendig;warn
checkliste-app-4-4;Checkliste-APP-4-4.xlsx;68e1e7039b04435b999aec40cb9fdbce8fd3427962c03974ba2f431f3e4d9450;1;2044;3;100.0;True;False;vollstaendig;warn
checkliste-app-4-6;Checkliste-APP-4-6.xlsx;2ec1c2d5f3fc2006d8b17f885125d85e49f648a012f189c88f347d0cf74c13d6;1;1180;3;100.0;True;False;vollstaendig;ok
checkliste-app-5-2;Checkliste-APP-5-2.xlsx;ac9d378ad10ba2cf1feecd3b76d85be7d215d8609c38f582eece9117d0ead216;1;1101;3;100.0;True;False;vollstaendig;warn
checkliste-app-5-3;Checkliste-APP-5-3.xlsx;86b9c26d47381de393ac914b20ee008135cc7cf6757a97006135dbc48dd525f8;1;2000;3;100.0;True;False;vollstaendig;warn
checkliste-app-5-4;Checkliste-APP-5-4.xlsx;0a87935dac878b8ea36df6d3f8eb276bad07b33a603292894637a49eec8f965f;1;2743;3;100.0;True;False;vollstaendig;warn
checkliste-app-6;Checkliste-APP-6.xlsx;d53b3c12e5f962ae09812a21a5b90afdea10438f7cee3d8cc12b55af54c7b4b9;1;1935;3;100.0;True;False;vollstaendig;warn
checkliste-app-7;Checkliste-APP-7.xlsx;2c64eb7d84c144fc68bcdfedcbe48d53b6520d798fe075e8d6aee53c661c9dcd;1;1008;3;100.0;True;False;vollstaendig;warn
checkliste-arbeit-auerhalb-der-institution-2-0;Checkliste-Arbeit-auerhalb-der-Institution-2.0.docx;bb8510c412c766d60ecd860323b2ffc975da72f722b378cc414a90e4a1dff5ec;0;1431;11;100.0;True;False;vollstaendig;ok
checkliste-arbeit-innerhalb-der-institution-haustechnik-2-0;Checkliste-Arbeit-innerhalb-der-Institution-Haustechnik-2.0.docx;96428ab6198a1c774ba5780ea3197a3dcd16961f64d4650d010f7e1fed374ede;0;938;8;100.0;True;False;vollstaendig;ok
checkliste-backup-2-0;Checkliste-Backup-2.0.docx;0dc33b970b3a23df470653a39c69d4adcafbcfa42d143890177f673a86522af0;0;802;8;100.0;True;False;vollstaendig;ok
checkliste-burosoftware-2-0;Checkliste-Burosoftware-2.0.docx;625b5a50274489f54867ad290fd3087bf73de71bdf7332d34d01cf860dc77ee3;0;1644;20;100.0;True;False;vollstaendig;ok
checkliste-client-2-0;Checkliste-Client-2.0.docx;36a02819da945fb96febc73a1934aef9066a18141f054ac944e5c195035751cb;0;1362;14;100.0;True;False;vollstaendig;ok
checkliste-con-1;Checkliste-CON-1.xlsx;22c7a55b59cea52c1305b3d8f35d2a8fd41882095c274d55abdef5cdae7fcfca;1;1673;3;100.0;True;False;vollstaendig;warn
checkliste-con-10;Checkliste-CON-10.xlsx;3e3acdaf7450ba23ed58e48e9602de84ec928899748a195d524be5427631024b;1;1583;3;100.0;True;False;vollstaendig;ok
checkliste-con-11-1;Checkliste-CON-11-1.xlsx;f386b31baa1c3a1f395901b966aca8b271af5f2903c9090f7612c188fab15b52;1;4141;3;100.0;True;False;vollstaendig;warn
checkliste-con-2;Checkliste-CON-2.xlsx;a9e7e09d336aac32899bab5df405a55b9c123d918c7c45e14e23a0e6793a4394;1;95;3;100.0;True;False;vollstaendig;ok
checkliste-con-3;Checkliste-CON-3.xlsx;0ae26d23b646ff23fa1afa2eda8476c92de39ebb81ed8e682b66a9beec7a7dd4;1;1426;3;100.0;True;False;vollstaendig;warn
checkliste-con-6;Checkliste-CON-6.xlsx;025c87febce47aa7d146553a72257af3617cfdc84b9af0ade2280890a2f6dcaa;1;1409;3;100.0;True;False;vollstaendig;warn
checkliste-con-7;Checkliste-CON-7.xlsx;a8e694cfbdaed0337f5c5622cbca10905faa202f59364c4fa82c72c30ce3efd5;1;1888;3;100.0;True;False;vollstaendig;ok
checkliste-con-8;Checkliste-CON-8.xlsx;c876ae1930a6e390b9494a5a0abee098fe6f2021d59b99500f1c4793f35b66de;1;1877;3;100.0;True;False;vollstaendig;ok
checkliste-con-9;Checkliste-CON-9.xlsx;66d8e647c30f4e5302fcc2310690744e9380a464ce3a375c033e7c2924874191;1;609;3;100.0;True;False;vollstaendig;ok
checkliste-der-1;Checkliste-DER-1.xlsx;d7a9f556667f29c48393d06501110806a5cb0a82d1f1ef6ffaa3f22bc88c59ef;1;1915;3;100.0;True;False;vollstaendig;ok
checkliste-der-2-1;Checkliste-DER-2-1.xlsx;55e5c690592800b41fa8013a3777efb7fd64c4bb398311fce9df5a474956deb5;1;3068;3;100.0;True;False;vollstaendig;ok
checkliste-der-2-2;Checkliste-DER-2-2.xlsx;ba559c846d3753fad6999328b8797277684413fab83757a72c5dc24d8815eed8;1;1248;3;100.0;True;False;vollstaendig;ok
checkliste-der-2-3;Checkliste-DER-2-3.xlsx;c7b05168f424575bbe736ca594bf17b00fdc4b17646c69ab26c24e142715d5a6;1;1268;3;100.0;True;False;vollstaendig;ok
checkliste-der-3-1;Checkliste-DER-3-1.xlsx;06cc3dc297f5525d028afbae9fbd424f1f9525fb40e9c040018445ab6e56e00a;1;2348;3;100.0;True;False;vollstaendig;ok
checkliste-der-3-2;Checkliste-DER-3-2.xlsx;e72ae1fef1f31e5d0fd2eb4c6cf52bcd56ef5b6a5f1beb76a471d0631d875008;1;2154;3;100.0;True;False;vollstaendig;warn
checkliste-der-4;Checkliste-DER-4.xlsx;65dc7585aae90d5a8c2d211317d5e860048057d3cedc4ed0b85a0983cda1aa80;1;1550;3;100.0;True;False;vollstaendig;ok
checkliste-drucker-und-multifunktionsgerate-2-0;Checkliste-Drucker-und-Multifunktionsgerate-2.0.docx;b1a86153589734784f332689da5b22ac5610697687776d7f64d8a0eb854b7b34;0;775;7;100.0;True;False;vollstaendig;ok
checkliste-ind-1;Checkliste-IND-1.xlsx;1c6b2993cab4a75cadda2fc06bd7aede0e620122767909c8471ef31ef287b6b7;1;2036;3;100.0;True;False;vollstaendig;ok
checkliste-ind-2-1;Checkliste-IND-2-1.xlsx;87eec26d01ecccabd08b6428e7278087e9553b1a45884bb8cd022108e5c64a0c;1;869;3;100.0;True;False;vollstaendig;ok
checkliste-ind-2-2;Checkliste-IND-2-2.xlsx;a229a64513873f1b93ee934d674df13fdc348348adc2054c7c4d669a3326bc24;1;108;3;100.0;True;False;vollstaendig;ok
checkliste-ind-2-3;Checkliste-IND-2-3.xlsx;53e7f9e284a430cc71399df4dd40696664b90c742e2c093866f3cbb8fb666dee;1;166;3;100.0;True;False;vollstaendig;ok
checkliste-ind-2-4;Checkliste-IND-2-4.xlsx;9ba34f5b471135cbad68a7fa3cb3ea29b4ba4e4fc838c7043e84875e39540c32;1;225;3;100.0;True;False;vollstaendig;ok
checkliste-ind-2-7;Checkliste-IND-2-7.xlsx;c76cf5d7ac588cdfd6b8bcc23e416026e016729cd92355347acae03c4f8c0ddb;1;608;3;100.0;True;False;vollstaendig;ok
checkliste-ind-3-2;Checkliste-IND-3-2.xlsx;390574303885be0ee0019be404348be84abe8c067e829d6013317a94b4c05666;1;1897;3;100.0;True;False;vollstaendig;warn
checkliste-inf-1;Checkliste-INF-1.xlsx;63228851a82fe54a907689d35893903c09198abfdb570d72507b70d9ec4d7b06;1;2124;3;100.0;True;False;vollstaendig;warn
checkliste-inf-10;Checkliste-INF-10.xlsx;1b9bde8e95959c2152e5836b8115e4f47528ee11ce84bf9e6b5b291241c64b83;1;737;3;100.0;True;False;vollstaendig;ok
checkliste-inf-11;Checkliste-INF-11.xlsx;92bcfbff9df1578c433db49bb6bf234dfd524871f82b14f9ecccb0c7692dc459;1;1806;3;100.0;True;False;vollstaendig;warn
checkliste-inf-12;Checkliste-INF-12.xlsx;42df37f2d74b4ca36d5b86c960aaac4a5fb4c463c2ba7a369c259359b3d11124;1;1852;3;100.0;True;False;vollstaendig;warn
checkliste-inf-13;Checkliste-INF-13.xlsx;b837dcd693db4d1ae64a57d77327f1f1ff9389b7b3439b0983d3fbb62457fda3;1;3821;3;100.0;True;False;vollstaendig;warn
checkliste-inf-14;Checkliste-INF-14.xlsx;a05df68fc959965c277da687d8ac32e6e3eb19ba49b4a3685e36d519c878a7f4;1;4019;3;100.0;True;False;vollstaendig;warn
checkliste-inf-2;Checkliste-INF-2.xlsx;7d0ffeece0300e2c8b06ecb987d446252ffdbad2d1bd5fed1bac1ef3a4c36ce6;1;3012;3;100.0;True;False;vollstaendig;warn
checkliste-inf-5;Checkliste-INF-5.xlsx;9f0f8adee72d95c83bdb2dac20a3d2602a46e35b870bc7ab430dcd40576f14e8;1;1771;3;100.0;True;False;vollstaendig;ok
checkliste-inf-6;Checkliste-INF-6.xlsx;86ff5acb53c57d316ab489abe01f32bce57d7aeee44e79133308b6944debe8b5;1;706;3;100.0;True;False;vollstaendig;ok
checkliste-inf-7;Checkliste-INF-7.xlsx;55d6ad27b5ce5e17397163fab18e9f38c985ee81c0e075e4d2654dbafb5633f9;1;569;3;100.0;True;False;vollstaendig;ok
checkliste-inf-8;Checkliste-INF-8.xlsx;e474bae8231f434a257df7bc13d3773d58f1aadd4699a285951ed7fbdcc6b55a;1;512;3;100.0;True;False;vollstaendig;ok
checkliste-inf-9;Checkliste-INF-9.xlsx;06900c1e0972ce9f51f28e91deb7915bdf38b4f8308e49b35752c44f343d58d0;1;1267;3;100.0;True;False;vollstaendig;warn
checkliste-isms-1;Checkliste-ISMS-1.xlsx;49590dd247d525ef9a9947ac74d2d039233e34f89aa267281ec7b414cf1232f6;1;1944;3;100.0;True;False;vollstaendig;ok
checkliste-it-administration-2-0;Checkliste-IT-Administration-2.0.docx;a7b86a175c2ac8ad1d54eb34de2ee479dba4a61f44f7a6e9cca5d1d243a47801;0;2998;23;100.0;True;False;vollstaendig;ok
checkliste-mobile-endgerate-2-0;Checkliste-Mobile-Endgerate-2.0.docx;00f4a677a632e8e5fc15555052ad6a4ffa527387d05c32e3a57f16427f4f17c9;0;2288;19;100.0;True;False;vollstaendig;ok
checkliste-net-1-1;Checkliste-NET-1-1.xlsx;77c29727dbc43d1eb57911ca49e0f0b42b4d826628b7e17250fab39a8231cdc7;1;3936;3;100.0;True;False;vollstaendig;warn
checkliste-net-1-2;Checkliste-NET-1-2.xlsx;15bc180487158e20e1fc45c851ae7bfcb19e590a9fafa9248fd0a2f350405dee;1;2556;3;100.0;True;False;vollstaendig;warn
checkliste-net-2-1;Checkliste-NET-2-1.xlsx;6a1ff7e948ad6b640f4a8ede3bf3a2e6ce6b0d74d50bf1650d324a01ee84c60a;1;1406;3;100.0;True;False;vollstaendig;ok
checkliste-net-2-2;Checkliste-NET-2-2.xlsx;2f852deff7a9e27df8c6dad3d2db7ac1b40f8fdd361588bd5904df8cc71b0a25;1;862;3;100.0;True;False;vollstaendig;ok
checkliste-net-3-1;Checkliste-NET-3-1.xlsx;d0d14bc17949191186f504eda9a8caa01b8e4fa6dfcefdf18525e5a769a6f54c;1;1909;3;100.0;True;False;vollstaendig;ok
checkliste-net-3-2;Checkliste-NET-3-2.xlsx;e0f5715146238018bb2ca11c113b978f01203bce620334e498f82aca21c73fcb;1;2558;3;100.0;True;False;vollstaendig;warn
checkliste-net-3-3;Checkliste-NET-3-3.xlsx;72c3a8de16a88f7b816533952a338f0317b21262cd54859239b0d7086c655826;1;899;3;100.0;True;False;vollstaendig;ok
checkliste-net-3-4;Checkliste-NET-3-4.xlsx;15cb60541f4e07babd925c9d2c5610f5da556b01e60c8d261749214a6369b48d;1;3530;3;100.0;True;False;vollstaendig;warn
checkliste-net-4-1;Checkliste-NET-4-1.xlsx;44f836ee79e6492e631bddac4cfc30b8a9b6a0c0971b76889609a2505b912701;1;1317;3;100.0;True;False;vollstaendig;ok
checkliste-net-4-2;Checkliste-NET-4-2.xlsx;62d921f0a0746794d283df7ff101e7fafc07687d0a78722ab1fe7cad98a5a4c3;1;1264;3;100.0;True;False;vollstaendig;ok
checkliste-net-4-3;Checkliste-NET-4-3.xlsx;89b486a5c648c79d9f75f25c1ed0afd2b93237d7ac072ff9ff544d9f0f5a56f0;1;1573;3;100.0;True;False;vollstaendig;ok
checkliste-netze-2-0;Checkliste-Netze-2.0.docx;328433463ce990b86543924e0c675d24095333a1a12a71727f5abe50da0706ec;0;2417;27;100.0;True;False;vollstaendig;ok
checkliste-ops-1-1-1;Checkliste-OPS-1-1-1.xlsx;ad9bcf82b2cccac83351a6dbb92525775cde23a6dc625854a12ea0b5b5652cf9;1;3738;3;100.0;True;False;vollstaendig;warn
checkliste-ops-1-1-2;Checkliste-OPS-1-1-2.xlsx;117abfa754795e833580c57346cdffa1f1ec70b794cbca0a4364a89d8e4c0092;1;2461;3;100.0;True;False;vollstaendig;warn
checkliste-ops-1-1-3;Checkliste-OPS-1-1-3.xlsx;5dce1479e0934a6e00ed0929b89344c15ca6a6b1bc2dad35c440d15c27b161f2;1;1414;3;100.0;True;False;vollstaendig;ok
checkliste-ops-1-1-4;Checkliste-OPS-1-1-4.xlsx;dff506e10e872e4c123ddca97705d0a6b3c5cd5515edf1cba9bcbebe53aa798f;1;1144;3;100.0;True;False;vollstaendig;ok
checkliste-ops-1-1-5;Checkliste-OPS-1-1-5.xlsx;93521ff6e194279bf030ff8adf8541fe4e50c180baeeecc3f6b73f5fdeffbe67;1;1181;3;100.0;True;False;vollstaendig;ok
checkliste-ops-1-1-6;Checkliste-OPS-1-1-6.xlsx;00fe4b9a9615b110d3754a29d0f0c4ad318c230aec8bcae03bd5ab88eff52685;1;1291;3;100.0;True;False;vollstaendig;ok
checkliste-ops-1-1-7;Checkliste-OPS-1-1-7.xlsx;7f6bb7e4a6eb263b56085074b7dfe614614e115448919b2205e69cac1505b053;1;3199;3;100.0;True;False;vollstaendig;warn
checkliste-ops-1-2-2;Checkliste-OPS-1-2-2.xlsx;6d4b2c173906b8253fa11005c6f5aca9cff21058484eb0ac701d3a91abd92f8f;1;2239;3;100.0;True;False;vollstaendig;warn
checkliste-ops-1-2-4;Checkliste-OPS-1-2-4.xlsx;d2755fe80bba475d5e87009074ed78b0a1d7ed18888389858cfaf8cc53830c34;1;743;3;100.0;True;False;vollstaendig;ok
checkliste-ops-1-2-5;Checkliste-OPS-1-2-5.xlsx;d68a2723ea449edda0a1da6383352af9da6e350e6a1e3111710054dd9ba473cd;1;1603;3;100.0;True;False;vollstaendig;ok
checkliste-ops-1-2-6;Checkliste-OPS-1-2-6.xlsx;c2bc5511c2b3298f9e35973c8219fcfaddd42a28d6a9c274dde005869ac1f284;1;1045;3;100.0;True;False;vollstaendig;warn
checkliste-ops-2-2;Checkliste-OPS-2-2.xlsx;03720228fd3a5811b146ee7f340e206fbb102de61b69f05ab51ba5ef3ccde540;1;1841;3;100.0;True;False;vollstaendig;ok
checkliste-ops-2-3;Checkliste-OPS-2-3.xlsx;84b5d477a34c6863fd3d8e1d656a81a75dd86ab2c334e0c7e448f79fe83a43cf;1;3048;3;100.0;True;False;vollstaendig;ok
checkliste-ops-3-2;Checkliste-OPS-3-2.xlsx;5370043c369701b95793f7c8c5fd4323cdd26d873bb837e24c8352d314c0145f;1;2250;3;100.0;True;False;vollstaendig;ok
checkliste-organisation-und-personal-2-0;Checkliste-Organisation-und-Personal-2.0.docx;44471869405331328c6b9191b1e58c028cd5653d980a4fde2a2c410fba99f0ae;0;2186;19;100.0;True;False;vollstaendig;ok
checkliste-orp-1;Checkliste-ORP-1.xlsx;33e069bf07be401e64d2ba7cef96ed6558fefaa68992d168730f2ace442a1d40;1;847;3;100.0;True;False;vollstaendig;warn
checkliste-orp-2;Checkliste-ORP-2.xlsx;460fb33dc865cfa0095e7947c5b3823081be6a6aea7310f4e3b7f79cf4f91654;1;1176;3;100.0;True;False;vollstaendig;ok
checkliste-orp-3;Checkliste-ORP-3.xlsx;e1ac1d7743425a09494533fce55d44b14da89078d710f021952f3b88fc913cdb;1;716;3;100.0;True;False;vollstaendig;ok
checkliste-orp-4;Checkliste-ORP-4.xlsx;a27b09181b0e4829f29419b0ae5d5cedd7454e275cb47f935b7566b296081fdf;1;2425;3;100.0;True;False;vollstaendig;ok
checkliste-orp-5;Checkliste-ORP-5.xlsx;02116cda4f8ac7a4006a5fc6843a0eb9c4cf44e5f15e0bcc860d05f3128b943f;1;567;3;100.0;True;False;vollstaendig;ok
checkliste-outsourcing-und-cloud-2-0;Checkliste-Outsourcing-und-Cloud-2.0.docx;b66b927fe845c171be4fa65c7cd14d70e5045023723ec0b1a02761b673aad90d;0;1397;7;100.0;True;False;vollstaendig;ok
checkliste-rollen-berechtigungen-authentisierung-2-0;Checkliste-Rollen-Berechtigungen-Authentisierung-2.0.docx;347ff520cae81cdca8b12741d840b4b033b1d50c114f0fd4f36d51a5ec2ea16f;0;1819;17;100.0;True;False;vollstaendig;ok
checkliste-serverraum-und-datentragerarchiv-2-0;Checkliste-Serverraum-und-Datentragerarchiv-2.0.docx;fdffd74700f33c6b6a284f8d9165886ee21a37184a524ecf3a8426c0af074d41;0;1374;12;100.0;True;False;vollstaendig;ok
checkliste-serversysteme-2-0;Checkliste-Serversysteme-2.0.docx;5da7e8560dd074c64d461a3b65638e5dfc9288d54bb60ba6da7c7c415e555450;0;3517;36;100.0;True;False;vollstaendig;ok
checkliste-sicherheitsmechanismen-2-0;Checkliste-Sicherheitsmechanismen-2.0.docx;0645aa742c576e641005b9e10a78e5e8975b7a747497588bffb7e91b2dbd8349;0;1054;11;100.0;True;False;vollstaendig;ok
checkliste-sys-1-1;Checkliste-SYS-1-1.xlsx;abc18a0ad7dadfcf64cc8710bcb4d4d6e57cf724b814a943e4ddf0aadc688b47;1;2671;3;100.0;True;False;vollstaendig;warn
checkliste-sys-1-2-2;Checkliste-SYS-1-2-2.xlsx;5eba0146cc0792219093b424337370b640ee707eeaf9ec76057122f59be3cba8;1;920;3;100.0;True;False;vollstaendig;ok
checkliste-sys-1-2-3;Checkliste-SYS-1-2-3.xlsx;546db2c316ac9c367f6103dad276b7085df5bfa1a3e0686a53a95d0bb7868350;1;798;3;100.0;True;False;vollstaendig;warn
checkliste-sys-1-2-3-kompendium-2022;Checkliste-SYS-1-2-3_Kompendium-2022.xlsx;4a6520ef30bd9caf61996fdec3cff545965db8bbe06c2df794bae91100efedaf;1;797;3;100.0;True;False;vollstaendig;warn
checkliste-sys-1-3;Checkliste-SYS-1-3.xlsx;123cbf2c561bd68112dca2cb7bdeb14cf74ebdaef28a492606f6d29174394067;1;854;3;100.0;True;False;vollstaendig;ok
checkliste-sys-1-5;Checkliste-SYS-1-5.xlsx;67e8a9eeac4e79ebb95d73f9bed6c3badbc31bba808c2fa7f2d1a61f18569e47;1;2058;3;100.0;True;False;vollstaendig;ok
checkliste-sys-1-6;Checkliste-SYS-1-6.xlsx;cc9b094ae123fd06eb3ea334e5c458b4791716c1520d3a8481d953f3df11a454;1;2136;3;100.0;True;False;vollstaendig;warn
checkliste-sys-1-7;Checkliste-SYS-1-7.xlsx;6ae43fe4375a091c4cdcd4afff0dacb27117d7cf7f5b5418b146600ae33b8706;1;3849;3;100.0;True;False;vollstaendig;warn
checkliste-sys-1-8;Checkliste-SYS-1-8.xlsx;a5cee8070ee1b64a60523975756eac496600cf17ba2caf9bc7769df0a22005f5;1;2155;3;100.0;True;False;vollstaendig;ok
checkliste-sys-1-9;Checkliste-SYS-1-9.xlsx;53f2d5a22cf7d89a92c56e5a86d303ae18750aabf591c662e6bb3b60b50efa2d;1;2660;3;100.0;True;False;vollstaendig;warn
checkliste-sys-2-1;Checkliste-SYS-2-1.xlsx;71ad0c63b08307899c0d8c513fd4605553a6d208597c7ca9f0e7a27b2972a994;1;3397;3;100.0;True;False;vollstaendig;ok
checkliste-sys-2-2-3;Checkliste-SYS-2-2-3.xlsx;59f575693fbef5d74a2e9935a84e1e4afcd6697b41ce42403671d69c5b809a50;1;1883;3;100.0;True;False;vollstaendig;warn
checkliste-sys-2-3;Checkliste-SYS-2-3.xlsx;395175448583eb1d7ee592dd7beef27088cddd6ba06012c46430810dd0fad883;1;1145;3;100.0;True;False;vollstaendig;ok
checkliste-sys-2-4;Checkliste-SYS-2-4.xlsx;15b4391559d28b71b933c67019f66e42540bd7f16c777388f5d13d425a7ce12d;1;883;3;100.0;True;False;vollstaendig;ok
checkliste-sys-2-5;Checkliste-SYS-2-5.xlsx;46144c322f194e69c193e8573a238d28697f244eab39d63121d405996e89224c;1;1814;3;100.0;True;False;vollstaendig;warn
checkliste-sys-2-6;Checkliste-SYS-2-6.xlsx;c8a664febdff6606d6e6a239a5640f6e3c5446e3bd5c77a7ef0e47c4aac1ad42;1;1360;3;100.0;True;False;vollstaendig;warn
checkliste-sys-3-1;Checkliste-SYS-3-1.xlsx;70355ff0bc75f86a7ab8b6e134c6e7ce64f6f6181dcde4653c561d8e75b2c8cb;1;1018;3;100.0;True;False;vollstaendig;ok
checkliste-sys-3-2-1;Checkliste-SYS-3-2-1.xlsx;ba2e347ecd9d65b0434ca69a95a786259eedfd79a389e4def49a1c1b1705caa9;1;2234;3;100.0;True;False;vollstaendig;ok
checkliste-sys-3-2-2;Checkliste-SYS-3-2-2.xlsx;e50c568c5653a933f46d0e8cc9bc819fa65e9883a5b4bad72765798fa99f5a58;1;1831;3;100.0;True;False;vollstaendig;warn
checkliste-sys-3-2-3;Checkliste-SYS-3-2-3.xlsx;55d6110b49c05ac543f7e035708697883026ac3b737a094810169191a3eca8ef;1;1208;3;100.0;True;False;vollstaendig;ok
checkliste-sys-3-2-4;Checkliste-SYS-3-2-4.xlsx;85ad719aa731668379dc02c6c1a610b43e68666c72afa8a1f97614747a75189b;1;234;3;100.0;True;False;vollstaendig;ok
checkliste-sys-3-3;Checkliste-SYS-3-3.xlsx;a82386f468311bc07937d9efa1afae0aa2a9bd5e54c24f5029ad7aa8d931878a;1;1264;3;100.0;True;False;vollstaendig;ok
checkliste-sys-4-1;Checkliste-SYS-4-1.xlsx;b62b082dba9abb6d3923ace53ac398c1ca28741fdc7c0e535ea05ad54740d33f;1;1901;3;100.0;True;False;vollstaendig;warn
checkliste-sys-4-3;Checkliste-SYS-4-3.xlsx;fced3fef6f0a7d9c0657d5144d4ad21f8fc756f5060db0461ed5dd015cadbfff;1;1513;3;100.0;True;False;vollstaendig;warn
checkliste-sys-4-4;Checkliste-SYS-4-4.xlsx;cdf9f3d45538890ede6844fe6609ae522f7047e97ff78ec554dd5afd78dc5b20;1;1741;3;100.0;True;False;vollstaendig;ok
checkliste-sys-4-5;Checkliste-SYS-4-5.xlsx;eb98f77b0f57e7296376ed20735a007b3229b99c732e56eee39998903e8a3593;1;1188;3;100.0;True;False;vollstaendig;warn
checkliste-telefonie-und-fax-2-0;Checkliste-Telefonie-und-Fax-2.0.docx;41dff215235e5ce80416ff5ef0ebc8985e893214c9dcc21bee9dc04c200b9820;0;504;5;100.0;True;False;vollstaendig;ok
checkliste-umgang-mit-informationen-2-0;Checkliste-Umgang-mit-Informationen-2.0.docx;292503ee006fbed087a7ba929052072b9b20a174e62566c7f3242fe925b37235;0;922;7;100.0;True;False;vollstaendig;ok
checkliste-vorbereitung-fur-sicherheitsvorfalle-2-0;Checkliste-Vorbereitung-fur-Sicherheitsvorfalle-2.0.docx;3a559df648269c936103054f909657551360d3694395617d9cb8a10e594c5fa3;0;1002;8;100.0;True;False;vollstaendig;ok
checkliste-webserver-und-webanwendungen-2-0;Checkliste-Webserver-und-Webanwendungen-2.0.docx;a209b4e651f356c36c3e0b55c3313e99024d1796263c671ad98de08b989f9266;0;1229;17;100.0;True;False;vollstaendig;ok
cis-controls-guide-to-enterprise-assets-and-software-2022-08;CIS_Controls__Guide_to_Enterprise_Assets_and_Software__2022_08.pdf;682682db1806a23f6040ad6bd62100f7a956dee22e47eb89e8b4ecd58db947fb;5;1566;0;99.938;True;False;Rest woertlich angehaengt;warn
cis-controls-navigator-export-2026-08-19t09-52-42;CIS-Controls-Navigator-Export-2026-08-19T09-52-42.xlsx;91ed6da4359227ec57171dc16fee286feeebe1474fe2254f4daa42171fa55c27;1;6823;1;100.0;True;False;vollstaendig;warn
cis-controls-poster-v8-1-20260226;CIS_Controls_Poster_v8.1_20260226.pdf;9133e465b102ad92d0cc0f102d61702176847e360cb0bd0dcc7cb5559cc5a4ab;2;865;0;100.0;True;False;vollstaendig;warn
cis-controls-v8-1-guide-to-asset-classes-0425;CIS_Controls_v8.1_Guide_to_Asset_Classes_0425.pdf;493f281c7d792dd601cbac3c32577ad5bdcb86a62e9b397eb1e573fb71759e1e;13;2937;1;99.967;True;False;Rest woertlich angehaengt;warn
cis-controls-v8-1-roadmap-to-the-cis-critical-security-controls-2024-1;CIS_Controls_v8.1_Roadmap_to_the_CIS_Critical_Security_Controls_2024_1.pdf;41551b0df0b7a7507af51a03fccbd7e1bd2d0255050c9266c3e93697cad988b5;18;3957;2;99.592;True;False;Rest woertlich angehaengt;warn
cis-controls-version-8-1-2-march-2025;CIS_Controls_Version_8.1.2___March_2025.xlsx;56ee1b73be5d80fa933332f9c5810da35b9d279e7e5ea1c8d67c9faed8a7ef5d;5;8785;19;100.0;True;False;vollstaendig;warn
cism-all-in-one-gregory;CISM-All-in-One-Gregory.pdf;9522aaf36d98c07899784160b5ff422f398bcfa2b002c9c40261f1a9561987d2;929;208684;69;100.0;True;False;vollstaendig;warn
cism-certified-information-security-manager-practice-exams-by-peter-h-gregory-z;CISM-Certified-Information-Security-Manager-Practice-Exams-by-Peter-H.-Gregory-z.pdf;9d7fa08b98e4d8da33608633f2ee78d1954d3d5568d0a757e01c82e48d61f636;659;86022;2;100.0;True;False;vollstaendig;ok
cism-exam-guide-gregory;CISM-Exam-Guide-Gregory.pdf;ffefa058814b1fff07fb10f44ccfee02f1da8935e22ff24c4900ab6842598a7a;658;238375;95;99.998;True;False;Rest woertlich angehaengt;warn
cism-manual-15th-edition-isaca;CISM-Manual-15th-Edition-ISACA.pdf;ec41f19e411d227dbeb54b9a4dd60c5489207ea714dd942c4a53f182cc7a9b0a;291;197868;69;;False;True;Textlayer zu duenn;warn
cism-review-manual-16th-edition;CISM-Review-Manual-16th-Edition.pdf;6ece0e847a7d5d465f2b08fce3c66f10484933b1ea21e8760cdcf7923d8db767;348;176977;55;;False;True;kein Textlayer;warn
cism-review-manual-16th-edition-preview;CISM-Review-Manual-16th-Edition_Preview.pdf;8a28a86b8d4f9477b27a1288c01e2bb84eb4fec697dd3aa92fc9753dd4fd61e2;24;7095;13;100.0;True;False;vollstaendig;warn
cism-review-questions-answers-10th-edition;CISM-Review-Questions-Answers-10th-Edition.pdf;1d56fcf9c53cd453e13ecfb51fffb498708925caff33c86f8f6bcfd9d8cf04e9;446;160954;9;;False;True;kein Textlayer;warn
cism-strategic-blueprint;CISM_Strategic_Blueprint.pdf;3c467d76377ab1f36e2d50ea7e345ea87d26089bd454c0265360906254151914;14;911;1;;False;True;kein Textlayer;warn
cism-study-guide-chapple;CISM-Study-Guide-Chapple.pdf;752b8711b72a06cbfba75f5bdee4c8d6c1fefd36e50ff71c0dc6530c3cd46059;578;142360;24;100.0;True;False;vollstaendig;warn
cism-training-certificate;cism-training-certificate.pdf;1b41a778c5ebce43cdc4ea9dfc1461cd479abbdd320b8d3f023899e1ab3bd67f;1;12;0;100.0;True;False;vollstaendig;ok
com;COM.yml;3ff68bf08608b5bdf54c4666a6d5db8f0678b50facd6f8704dc5e863e0053be6;0;1670;0;100.0;True;False;vollstaendig;warn
controls-v8-1-guide-to-implementation-groups;Controls_v8.1_Guide_to_Implementation_Groups.pdf;a085d1dc533b77e5a1cfcbcafda8338e73bb5e618f6271f7843e3d0d0bf730c2;21;5818;8;100.0;True;False;vollstaendig;warn
cos;COS.yml;15f2b98d3781ac13400a99bda6cdbe4efac2d375cac669f45e2014f18c05cadb;0;2362;0;100.0;True;False;vollstaendig;warn
cra-guidance;CRA-Guidance.pdf;3388397e93f7b70eafb4d89af2e6adcbf8ab3c5e4b0d03e36eaf2cf367a4da05;84;38395;2;100.0;True;False;vollstaendig;ok
cry;CRY.yml;a32fc6320e652e17ac4214714a94355b5d9c8a0d5204825ed9c7ae0361786077;0;4585;0;100.0;True;False;vollstaendig;warn
cti-threat-intelligence-fachbasis;cti-threat-intelligence-fachbasis.md;84655603927c229acd74f2c026f5e9d8c6a568b7c0071e0e143b0880ee4fe7ea;0;583;1;;False;False;nicht gegengeprueft (Format);ok
cybersecurity-standards-fu-r-nis2-und-kritis;Cybersecurity-Standards-fu-r-NIS2-und-KRITIS.pdf;3877f50043800f5e329fcf8f127748edf08290c7f6a866e50d1325cb214cd31d;6;821;1;100.0;True;False;vollstaendig;ok
cybersecurity-und-resilienz-fu-r-kritis-und-nis2;Cybersecurity-und-Resilienz-fu-r-KRITIS-und-NIS2.pdf;7b1b53c82786ddc1bee76074b21e592a688e086fb9ac02913da9a3e2899d12f9;8;2102;0;100.0;True;False;vollstaendig;ok
datenschutz-verfahrensverzeichnis-recplast-boehmert;Datenschutz_Verfahrensverzeichnis_RECPLAST_Boehmert.pdf;37961603967b8a603e949bd46263dcb42a5afed5524be1edc8f3d00d7d3403e1;56;9505;24;100.0;True;False;vollstaendig;ok
dd-vertiefung-kosten-100tage-ot;dd-vertiefung-kosten-100tage-ot.md;67771c5d2fd2f5475d143b352e1904d8761b13fb937cca81de33b85aaeee35e5;0;826;2;;False;False;nicht gegengeprueft (Format);ok
der-1-detektion-von-sicherheitsrelevanten-ereignissen-pdf-clean;DER.1-Detektion-von-sicherheitsrelevanten-Ereignissen.pdf.clean.pdf;093554878bb1394a24664efaa85d839f05f1fbf1a075767b671d5369b98ab600;7;2655;1;100.0;True;False;vollstaendig;ok
der-2-1-behandlung-von-sicherheitsvorfa-llen-pdf-clean;DER.2.1-Behandlung-von-Sicherheitsvorfa-llen.pdf.clean.pdf;391012836a64848c9419f81876e47e030bcd37c5fd8d2a308b582ed9f012469d;9;3250;1;100.0;True;False;vollstaendig;ok
der-2-2-vorsorge-fu-r-die-it-forensik-pdf-clean;DER.2.2-Vorsorge-fu-r-die-IT-Forensik.pdf.clean.pdf;21e14fc5449ab7a99773590313fb6d7cc9067dedd7e6c90ad0af9cce76821ff4;6;1905;1;100.0;True;False;vollstaendig;ok
der-2-3-bereinigung-weitreichender-sicherheitsvorfa-lle-pdf-clean;DER.2.3-Bereinigung-weitreichender-Sicherheitsvorfa-lle.pdf.clean.pdf;555a8d23bcfcc01c5b48fd77891b884b545a1d8ce26d56afbd43ba2e9de4495a;6;2321;2;100.0;True;False;vollstaendig;ok
der-3-1-audits-und-revisionen-pdf-clean;DER.3.1-Audits-und-Revisionen.pdf.clean.pdf;3fbdfe7ccec6e463a1f9437da3ea69e5ffc9c55497ae96437b9456fff63be80b;8;2693;1;100.0;True;False;vollstaendig;ok
der-3-2-revisionen-auf-basis-des-leitfadens-is-revision-pdf-clean;DER.3.2-Revisionen-auf-Basis-des-Leitfadens-IS-Revision.pdf.clean.pdf;f086c33390ab9b917969042ac9e2e4d234234674fb2987d7fc97140d084828cf;9;3257;1;100.0;True;False;vollstaendig;ok
der-4-notfallmanagement-pdf-clean;DER.4-Notfallmanagement.pdf.clean.pdf;8d2011c0c1735de9a7f5adc5dd873961e213b005d9aca0f43292198adaed2644;7;2286;1;100.0;True;False;vollstaendig;ok
dev;DEV.yml;7cd5d28f0392422893b056a90907b6400734f4338bd4319abbe06a786bd06bd8;0;4364;0;100.0;True;False;vollstaendig;warn
einrichtungen-und-unternehmen-in-nis2-openkritis;Einrichtungen-und-Unternehmen-in-NIS2-OpenKRITIS.pdf;f1fd168ba2db2e1fcec50e538e66bd496de8929a2cd90103fcd22a1f07c918b1;10;1983;4;100.0;True;False;vollstaendig;warn
empfehlung-2003-361-eg-anhang-art-2-3-1;Empfehlung 2003:361:EG Anhang Art. 2(3) (1).pdf;b9fc97c6fd48342df67f14a23d38e2078b4ac0de5b2037406065e34961897289;6;3549;0;100.0;True;False;vollstaendig;ok
enx-fulfilment-nis2-through-isa6-de-2025-07;ENX-Fulfilment-NIS2-through-ISA6-DE-2025-07.pdf;3e007be2729f369138a3f1f331edd4365266759631f811c1382ef9115a6567c6;78;32447;12;100.0;True;False;vollstaendig;warn
ergebnis-des-it-grundschutz-checks;Ergebnis_des_IT-Grundschutz-Checks.xlsx;44691aff6d7f9d0789961d9d337809ef4f09830fb445d8cebb83b43e36d313fc;1;132879;315;100.0;True;False;vollstaendig;warn
errata-2023;errata_2023.pdf;f5c12c5cda02225e88e11ebc103fea22626209e6f208467c597be9a53d24161d;3;401;6;100.0;True;False;vollstaendig;ok
eu-cer-richtlinie-fu-r-kritische-infrastrukturen-eu-2022-2557;EU-CER-Richtlinie-fu-r-Kritische-Infrastrukturen-EU-2022_2557.pdf;f633f367aed44fb2d8ca6d20b821bc39494d93f3d257719138a53a0335bba6a9;11;2347;1;100.0;True;False;vollstaendig;warn
eu-cra-cyber-resilience-act-fu-r-produktsicherheit-openkritis;EU-CRA_-Cyber-Resilience-Act-fu-r-Produktsicherheit-OpenKRITIS.pdf;ce1b4339a9bd77ed0b92d8356ba8e6b67b19e8812b714b65de634c642fdf5ce1;15;4157;6;100.0;True;False;vollstaendig;warn
eu-csa-cybersecurity-act-openkritis;EU-CSA_-Cybersecurity-Act-OpenKRITIS.pdf;48b0be58782923ddeaf5340d2d12c93799d519e18f938bfa715eecf777501849;21;6407;2;100.0;True;False;vollstaendig;warn
eu-dora-digital-operational-resilience-act-openkritis;EU-DORA_-Digital-Operational-Resilience-Act-OpenKRITIS.pdf;94a71432ea8b2f3b69741a249312e9de09a76a34fc617c8ef7f7f79909a5f07b;24;6390;6;100.0;True;False;vollstaendig;warn
eu-network-code-on-cybersecurity-nccs-openkritis;EU-Network-Code-on-Cybersecurity-NCCS-OpenKRITIS.pdf;7a17ffb6a1a9371efe27c95d4dfd264144984608bbb6e6ad66c5645f74084f75;16;4946;13;100.0;True;False;vollstaendig;warn
eu-nis2-implementing-acts-openkritis;EU-NIS2-Implementing-Acts-OpenKRITIS.pdf;bea5f5c44c1c33950510c0ceff194143d35a5e2ca523d185e7e7d1273b0643ec;9;2042;2;100.0;True;False;vollstaendig;ok
eu-nis2-richtlinie-cybersecurity-in-kritischen-infrastrukturen;EU-NIS2-Richtlinie_-Cybersecurity-in-Kritischen-Infrastrukturen.pdf;bda04127ae7ee547828f08676e31dcd2632bb8b995a68aa8554cbf06326a5589;19;4288;5;100.0;True;False;vollstaendig;warn
fd-aenderungen2023;FD_Aenderungen2023.pdf;0aee3d36b4d493b64c7de9f66e0a07a2d04bfe1248ccc73b3a0eb54f88e3bf50;29;4669;4;100.0;True;False;vollstaendig;ok
fluchs-ma-profil;Fluchs_MA_Profil.pdf;3d946bf18015df7801c2da72c731dcbfa551bad86834b02f8d674c3549a30f13;180;46651;46;99.942;True;False;Rest woertlich angehaengt;warn
fluchs-profil-wasser;Fluchs_Profil_Wasser.pdf;8f966823b95a8480156ce46072f1b9ec58dbe74ff5836dc3269f58833329b290;104;20142;45;99.894;True;False;Rest woertlich angehaengt;warn
formular-spoc-meldung-mindeststandard-isms-itkb;Formular_SPOC-Meldung_Mindeststandard_ISMS_ITKB.pdf;eeeccbd7d4e0347c5547ee2db9628fc1648478b37a823a4537a8b97f695117b8;4;1577;1;100.0;True;False;vollstaendig;warn
gc;GC.yml;2c4e5a9b90387fb8856dea63e804fe31e1992f52be880d359d4eaddba31d39a5;0;1848;0;100.0;True;False;vollstaendig;warn
geltungsbereich-bei-nis2-einrichtungen-und-kritis-betreibern;Geltungsbereich-bei-NIS2-Einrichtungen-und-KRITIS-Betreibern.pdf;68f49b0053a4018d9ad4a12533b28472280c7dd3502046fc789d7b3ea6060126;10;2117;1;100.0;True;False;vollstaendig;ok
gesetzgebung-kritischer-infrastrukturen-openkritis;Gesetzgebung-Kritischer-Infrastrukturen-OpenKRITIS.pdf;da6099f0708e3952adf864e912742ff6d5915bcfdbbd92895b57b703162b3e99;9;1632;5;100.0;True;False;vollstaendig;ok
goehler-ba;Goehler_BA.pdf;54d8a037a1d7defd3245b95a4ca02063d12cf8f642faba7bced740c7fc5b5796;196;36647;18;100.0;True;False;vollstaendig;warn
grieger-ma;Grieger_MA.pdf;55ecdf1b3552449ef134bf4732ae6a8e377231d67cf601e643739f8eceec7cbb;199;51326;116;100.0;True;False;vollstaendig;warn
gs-struktur-edition-2023;GS-Struktur-Edition-2023.mm;2bf9279bea6f355f4ee7c55af17dd627df81e1d15e6826b025e1dcd03a9bd3c8;0;3014;0;100.0;True;False;vollstaendig;warn
gs-struktur-edition-2023-pdf-clean;GS_Struktur_Edition-2023.pdf.clean.pdf;bcd1dc3df3eaa8bc5f50b04f65440279449274696e0c0b3168ad4c4918c5adbd;1;816;0;100.0;True;False;vollstaendig;warn
hilfsdokument-mindeststandard-bsi-tls-version-2-4;Hilfsdokument_Mindeststandard_BSI_TLS_Version_2_4.pdf;42a0ff7b8a714f78a3395e4aa2101cc62fed5278bef4b87090d370d21528c8b9;18;5105;5;100.0;True;False;vollstaendig;warn
hilfsmittel-empfehlung-applicationdeliverycontroller-v1;Hilfsmittel_Empfehlung_ApplicationDeliveryController_v1.pdf;1a513145c2bc852bd67a17e2d7185d1e0aabbc8c7ad0f320e2808518daa62607;4;1115;0;100.0;True;False;vollstaendig;ok
hilfsmittel-empfehlungen-app-stores-v1;Hilfsmittel_Empfehlungen_App-Stores_v1.pdf;4f55cb2f3b0330aab58f26f16ab289ddcfd1fcb0a1b6d48c2c6f51af47496671;4;1769;0;100.0;True;False;vollstaendig;ok
hilfsmittel-it-grundschutz-windows-client;Hilfsmittel_IT_Grundschutz_Windows_Client.pdf;a4952434c295733b43c55f043b35271275282daa37dc36d4d78d129ce2ea558d;225;67548;317;100.0;True;False;vollstaendig;warn
hilfsmittel-remote-zugang-e-mail-system-v1;Hilfsmittel_Remote_Zugang_E_Mail_System_v1.pdf;d630b1c365c3a0848f3be9d7f2084549b2efb0dba3ff7badb7453b2a7f47c2b3;20;7598;0;100.0;True;False;vollstaendig;ok
hm-sim-bpol;HM_SiM_BPOL.pdf;b581b3702c7e265ce0d8b558afef5c9a855741aa074cc445c34e08a6e6dda362;157;34998;154;100.0;True;False;vollstaendig;warn
hr;HR.yml;2fb3ecf6ed4a3c5f90775eb2e1e3f848809a0889c7b1bd3bb2d4c496de1ff66c;0;2721;0;100.0;True;False;vollstaendig;warn
iam;IAM.yml;b099937a1980a53149eea30042a5c026e6326358511c7d27390f45a6b1d97ff9;0;6184;0;100.0;True;False;vollstaendig;warn
identifikation-von-kritis-und-nis2-einrichtungen-openkritis;Identifikation-von-KRITIS-und-NIS2-Einrichtungen-OpenKRITIS.pdf;7f3f8c30162c578c132223a9d89aac8e973e5cb5385655ab6478b963dee38cb2;9;1915;9;100.0;True;False;vollstaendig;warn
ind-1-prozessleit-und-automatisierungstechnik-pdf-clean;IND.1-Prozessleit--und-Automatisierungstechnik.pdf.clean.pdf;a33dad467acb88b87d08ca1c99d933b5ac2940c079917df7268f0f618e81908f;10;3796;1;100.0;True;False;vollstaendig;ok
ind-2-1-allgemeine-ics-komponente-pdf-clean;IND.2.1-Allgemeine-ICS-Komponente.pdf.clean.pdf;34a0304e7f06e2c548bd3e9c4f429073b4b17203cbbc5b295700105dfa1e136c;7;2034;1;100.0;True;False;vollstaendig;ok
ind-2-2-speicherprogrammierbare-steuerung-sps-pdf-clean;IND.2.2-Speicherprogrammierbare-Steuerung-SPS-.pdf.clean.pdf;ae749bf01bc36ea2805c16e45d6aad0d3fad15592e2b12c5cf92962d6b1b50fe;3;794;1;100.0;True;False;vollstaendig;ok
ind-2-3-sensoren-und-aktoren-pdf-clean;IND.2.3-Sensoren-und-Aktoren.pdf.clean.pdf;82817c9bb866a9cf782bb9560f9027af2adb16ee8d53ac26836b1c87d8cc595a;3;805;1;100.0;True;False;vollstaendig;ok
ind-2-4-maschine-pdf-clean;IND.2.4-Maschine.pdf.clean.pdf;690409b76bb5e7db256b296c98a28d7577db4da1c6b2a0563e2c985679ff9c40;3;726;1;100.0;True;False;vollstaendig;ok
ind-2-7-safety-instrumented-systems-pdf-clean;IND.2.7-Safety-Instrumented-Systems.pdf.clean.pdf;7bd92f9d26bed3a8d6e331f5c496874a21d789c4c69a4a27319b95da795b01a0;6;1891;1;100.0;True;False;vollstaendig;ok
ind-3-2-fernwartung-im-industriellen-umfeld-pdf-clean;IND.3.2-Fernwartung-im-industriellen-Umfeld.pdf.clean.pdf;ff46e7883569df24e7ca63e7e240d328fb8ad191827d95877a11f0ab4f697938;10;3650;1;100.0;True;False;vollstaendig;ok
inf-1-allgemeines-geba-ude-pdf-clean;INF.1-Allgemeines-Geba-ude.pdf.clean.pdf;b4b67a5f1d65d76e58ef429cd2df8579b6be958b01e44573ad741b5306541c6a;9;3060;1;100.0;True;False;vollstaendig;ok
inf-10-besprechungs-veranstaltungs-und-schulungsra-ume-pdf-clean;INF.10-Besprechungs--Veranstaltungs--und-Schulungsra-ume.pdf.clean.pdf;0df9cc18c9328683e1bf7fa8564727f46b22c846620318cb85da099c34bf5566;5;1711;1;100.0;True;False;vollstaendig;ok
inf-11-allgemeines-fahrzeug-pdf-clean;INF.11-Allgemeines-Fahrzeug.pdf.clean.pdf;8d28aa801942aac35159fd3ad96fd730af24c1875a80ca7ae04b4568bc3437d7;9;3273;1;100.0;True;False;vollstaendig;ok
inf-12-verkabelung-pdf-clean;INF.12-Verkabelung.pdf.clean.pdf;c456b4c0979eeaaec960e988eedd1e7c0331ac961db4b19b8fb258ac9815e6ac;7;2527;1;100.0;True;False;vollstaendig;ok
inf-13-technisches-geba-udemanagement-pdf-clean;INF.13-Technisches-Geba-udemanagement.pdf.clean.pdf;97be46d76e72843462d0317dfec437fc9d7e82e5ea91b9d9669ae681a4c7d3f0;13;4866;3;100.0;True;False;vollstaendig;ok
inf-14-geba-udeautomation-pdf-clean;INF.14-Geba-udeautomation.pdf.clean.pdf;82d2658ebc7d920e02fbd9351cac171ba6cba19812b889bf71ff8ed7087b71be;16;6070;3;100.0;True;False;vollstaendig;ok
inf-2-rechenzentrum-sowie-serverraum-pdf-clean;INF.2-Rechenzentrum-sowie-Serverraum.pdf.clean.pdf;61e53b402c082da5f9b0821432284beeefa3d59996a49e16418dfaa71d0ec68d;10;3859;1;100.0;True;False;vollstaendig;ok
inf-5-raum-sowie-schrank-fu-r-technische-infrastruktur-pdf-clean;INF.5-Raum-sowie-Schrank-fu-r-technische-Infrastruktur.pdf.clean.pdf;f8865ce464b5e9220897c900d7f39f751cbcf98343d6db72144913c12956aca2;8;2770;1;100.0;True;False;vollstaendig;ok
inf-6-datentra-gerarchiv-pdf-clean;INF.6-Datentra-gerarchiv.pdf.clean.pdf;4d2a3b803c4fffc4698089c001d5e645e3da47a60d14433166a1eb7f0a5d172f;4;1181;1;100.0;True;False;vollstaendig;ok
inf-7-bu-roarbeitsplatz-pdf-clean;INF.7-Bu-roarbeitsplatz.pdf.clean.pdf;197c54f28a6b20c59edef91be8b02246aeca4e3ad4968f6882463b5e09b4bba2;5;1451;1;100.0;True;False;vollstaendig;ok
inf-8-ha-uslicher-arbeitsplatz-pdf-clean;INF.8-Ha-uslicher-Arbeitsplatz.pdf.clean.pdf;f0c9595638ed9346a80872ed2296700621df0d69d71a33a4a6d0e596d46971ae;5;1689;1;100.0;True;False;vollstaendig;ok
inf-9-mobiler-arbeitsplatz-pdf-clean;INF.9-Mobiler-Arbeitsplatz.pdf.clean.pdf;73c783d2fa8a59ed043e785a72f00a9f7f011a0d6a1ea6542583c91834049b8b;6;2334;1;100.0;True;False;vollstaendig;ok
inq;INQ.yml;ebab4f61289ad8eb3615e1d529eb175be6cb9f817e78536e2618c67ba7d8a279;0;1302;0;100.0;True;False;vollstaendig;warn
intcube-servicebereiche-fachbasis;intcube-servicebereiche-fachbasis.md;56581fb3d5ec36f43a60739086a12432c380141b31c02cef5e07fb24e9fb9b23;0;882;1;;False;False;nicht gegengeprueft (Format);ok
isa6-de-6-0-2;ISA6_DE_6.0.2.xlsx;e80938f00298d1b093b53791aded8edc140e86b5b08e41b4dc31a8a4e10dd899;11;45270;112;100.0;True;False;vollstaendig;warn
isa6-en-redline;ISA6_EN_redline.xlsx;bde45deb289b7841eb79d715055484a60b8854b51820b74d33c3854d0cec9f4d;12;56621;115;100.0;True;False;vollstaendig;warn
isaca-leitfaden-anwendung-des-bsi-c5;ISACA-Leitfaden-Anwendung-des-BSI-C5.pdf;0c0a7b4a5cd9246607e5d5a476b71a8342d4eb13636f3bb87867359b2fbce1bb;30;5075;4;100.0;True;False;vollstaendig;warn
isms-in-kritischen-infrastrukturen-und-nis2-openkritis;ISMS-in-Kritischen-Infrastrukturen-und-NIS2-OpenKRITIS.pdf;b547d5faa4ac3dd00f88d1ba7efb7819cae51a9fe6826eaae34a487187cc36af;8;1611;5;100.0;True;False;vollstaendig;warn
iso-42001;ISO-42001.pdf;920fb93a1ab9281c11c6a9dfa0c4d0a53a8e14ee744c7f7a09b549c6be54b621;62;21031;6;100.0;True;False;vollstaendig;warn
iso-42001-and-legal-compliance-a-principled-implementation-of-the-ai-management;ISO-42001-and-Legal-Compliance-A-Principled-Implementation-of-the-AI-Management-.pdf;5b0799ff907b9b6b1f525889cf043e92584516652cc5556907abed9fb0c0cfb7;284;81734;14;100.0;True;False;vollstaendig;warn
iso-iec-27001-2022;ISO-IEC-27001-2022.pdf;e739019c5c1ac8c6f1a761d2ac2cf2107847833822ffc7808dd885d90ec9529b;26;6925;10;100.0;True;False;vollstaendig;warn
iso27001-implementer-playbook;iso27001-implementer-playbook.md;f3d0dbaf4d1614b1e348fa2f5fd8daaf297b60b41d1f6eaa486a9cbea9c7a3e6;0;185;0;;False;False;nicht gegengeprueft (Format);ok
it-grundschutz-kompendium-edition2023;IT_Grundschutz_Kompendium_Edition2023.pdf;bf710b4e3cccf5792f71782b10ff014a39a49a04a6bcfa559e8210815e9a1050;858;307273;120;100.0;True;False;vollstaendig;ok
it-grundschutz-konforme-doku-faq;IT_Grundschutz_konforme_Doku_FAQ.pdf;91c4b0f36458e6908901d820f9b7107e87e721a1e790f43673f90a577e445223;23;4811;9;100.0;True;False;vollstaendig;warn
it-grundschutz-profils-rettungsleitstellen;IT_Grundschutz_Profils_Rettungsleitstellen.pdf;e704876348636f14e159c6c53a8dd8b6a164d92d37136ac672c3ea898782b4ec;157;47952;233;99.998;True;False;Rest woertlich angehaengt;warn
it-sicherheitsgesetz-und-kritis-regulierung-openkritis;IT-Sicherheitsgesetz-und-KRITIS-Regulierung-OpenKRITIS.pdf;327ea32c42a55968b63f3688c366a68b90a052cbc90f4c3b1839f3b875a8a784;7;1304;1;100.0;True;False;vollstaendig;warn
kohorten-moderation-playbook;kohorten-moderation-playbook.md;e6e8bbfa26bd372859c60fd2ff0c075b4b1d16c8c51eb6beabdc6bb5533ab956;0;603;1;;False;False;nicht gegengeprueft (Format);ok
kriterienkatalog-ki-modelle-bundesverwaltung;Kriterienkatalog_KI-Modelle_Bundesverwaltung.pdf;f7fcc0e47d9d7891b398dc91aef78c4f3b72cf14c41ac19df0eef580d82a07c3;16;5201;2;100.0;True;False;vollstaendig;ok
kritis-anlagen-und-kritische-infrastrukturen-openkritis;KRITIS-Anlagen-und-Kritische-Infrastrukturen-OpenKRITIS.pdf;675c11ddb784737f58ae374feb00c04f594a1825be6c8817c518d321c0f18bb4;12;1994;2;100.0;True;False;vollstaendig;warn
kritis-dachgesetz-resilienz-kritischer-infrastrukturen;KRITIS-Dachgesetz_-Resilienz-Kritischer-Infrastrukturen.pdf;b65feb0328a6cc8c960b92f0329661fd30c2335f46e6c4c93ab73a8552ec4fc9;24;5332;6;100.0;True;False;vollstaendig;warn
kritis-pru-fungen-und-nachweise-openkritis;KRITIS-Pru-fungen-und-Nachweise-OpenKRITIS.pdf;a41238e4e51d3cc45f22332d095004f99dc040c6a662113eb645ee54f30ec67c;10;2173;1;100.0;True;False;vollstaendig;ok
kritis-sektoren-und-kritische-dienstleistungen-openkritis;KRITIS-Sektoren-und-kritische-Dienstleistungen-OpenKRITIS.pdf;cd8c473b9fb88807e7d590a57a03ded3c3766f47d85ed6afe2a159791176882e;7;1346;2;100.0;True;False;vollstaendig;warn
kritis-verordnung-2026-und-kritische-anlagen;KRITIS-Verordnung-2026-und-kritische-Anlagen.pdf;be7cebe1efbb9c4a12b48e05c7d43b80efaf43ae8be3d095f766948b4da97824;11;1935;9;100.0;True;False;vollstaendig;warn
kritische-infrastrukturen-und-nis2-openkritis;Kritische-Infrastrukturen-und-NIS2-OpenKRITIS.pdf;bb1d457aecaf39a7dc376aed482d4abe51402944d48b785707952a64f3c02522;29;2950;5;100.0;True;False;vollstaendig;ok
kritische-komponenten-in-nis2-und-kritis-openkritis;Kritische-Komponenten-in-NIS2-und-KRITIS-OpenKRITIS.pdf;d117a912aca4c5fa6e876d71d7f6eb5c07e89230984e3138ab155c666167efba;7;1870;0;100.0;True;False;vollstaendig;ok
krt2023-excel;krt2023_Excel.xlsx;5d17da2fe8a1128f90c810f13645f79ad282c74ff1277faf77b485b9f9e8779c;111;33640;2280;100.0;True;False;vollstaendig;ok
lieferantensicherheit-in-kritis-und-nis2-openkritis;Lieferantensicherheit-in-KRITIS-und-NIS2-OpenKRITIS.pdf;a2e78582180eced7d2d61273d279f2dbd86221f6e8ddfcf1f3d1d46a53f44b94;7;1291;4;100.0;True;False;vollstaendig;ok
llm-based-systems-zero-trust;LLM-based_Systems_Zero_Trust.pdf;557c88c62e9ba88fb12bb1b98988edbe0e230fdf54319f695a33bae7507e542a;16;5382;1;99.963;True;False;Rest woertlich angehaengt;warn
managing-ai-risk-a-practical-approach-to-responsibly-managing-ai-with-iso-4200;Managing-AI-Risk---A-practical-approach-to-responsibly-managing-AI-with-ISO-4200.pdf;afb25d0064ac39761c89f22f516af4ecba85978ffed3e91a9e249ed61b72fdbe;66;19190;2;100.0;True;False;vollstaendig;warn
meldepflichten-und-sicherheitsvorfa-lle-in-kritis-und-nis2-openkritis;Meldepflichten-und-Sicherheitsvorfa-lle-in-KRITIS-und-NIS2-OpenKRITIS.pdf;4bff71cd5d1d3a83b478ac0351cc8424fc57b448b38406cfd0f4bd67138ba726;8;1495;2;100.0;True;False;vollstaendig;warn
methodik-grundschutz-plusplus;Methodik_Grundschutz_PlusPlus.pdf;427910589ce244686abe92edee2f439382360bec94773d95d1c414221231d256;45;12511;6;100.0;True;False;vollstaendig;ok
mindeststandard-bsi-tls-version-2-4;Mindeststandard_BSI_TLS_Version_2_4.pdf;9aec6a3209f3214546baa98be986047f4d00197e4b89b235fcf7e8b3dd44c767;11;2349;2;100.0;True;False;vollstaendig;warn
mindeststandard-hv-benchmark-kompakt-v2-0;Mindeststandard_HV-Benchmark_kompakt_V2_0.pdf;cc9497c74759b9b9b16e81111fc9526c2f5f73dac86e9b33f5db8e5954d0ffa3;69;18886;57;100.0;True;False;vollstaendig;warn
mindeststandard-isms-itkb-v1-0a;Mindeststandard_ISMS_ITKB_V1_0a.pdf;c44597c9e031a598b69d518a14dcb03f48de4e97cb0f3e605c7aefc38174c6bc;33;10327;13;100.0;True;False;vollstaendig;warn
mindeststandard-mobile-device-managementv2-0;Mindeststandard_Mobile-Device-ManagementV2_0.pdf;cde46ae22921f5456ffe4913842c6e7c8e8f8b6d3772314e3f6a8fced577d99f;24;7933;5;99.986;True;False;Rest woertlich angehaengt;warn
mindeststandard-nutzung-externer-cloud-dienste-version-2-1;Mindeststandard_Nutzung_externer_Cloud-Dienste_Version_2_1.pdf;5665e22bd1feac42cbcfc69898ae78c2971a8810beca5b14639b1910297d5a2d;18;5722;3;100.0;True;False;vollstaendig;warn
mindeststandard-videokonferenzdienste-version-1-0;Mindeststandard_Videokonferenzdienste_Version_1_0.pdf;7d4a4cb0447ec357cb12d36978f78540a7cebd0bfa3062183afa33a1052723a4;18;5306;2;100.0;True;False;vollstaendig;warn
mindeststandard-webbrowser-v3-0;Mindeststandard_Webbrowser_V3_0.pdf;5c481ffb7c08c09441fff9c79d94a88ab88ea5fea8a18f2dcb60a63bff56a2a3;17;5084;5;100.0;True;False;vollstaendig;warn
mst-bsi-pd-version-2-1;MST_BSI_PD_Version_2_1.pdf;3431405f1fde0f47274039f57ecb52c321c28841bf660c714b8566c7a00c37d3;29;9880;3;100.0;True;False;vollstaendig;warn
nace-produktgruppen-in-eu-nis2-openkritis;NACE-Produktgruppen-in-EU-NIS2-OpenKRITIS.pdf;c2973a729285ba6558aad1f56881e41b7404011872f8868f8ff122709ab855e1;9;2033;1;100.0;True;False;vollstaendig;ok
net-1-1-netzarchitektur-und-design-pdf-clean;NET.1.1-Netzarchitektur-und--design.pdf.clean.pdf;fad4fcceb11119f564c0557bc05c3e930029a9329ee56f07aaadead10e732f2b;10;3679;1;100.0;True;False;vollstaendig;ok
net-1-2-netzmanagement-pdf-clean;NET.1.2-Netzmanagement.pdf.clean.pdf;4a3bbc451faf393e15fba55b9c81ca5e48ae7dd8618538db71315e5e5e581eed;8;2634;1;100.0;True;False;vollstaendig;ok
net-2-1-wlan-betrieb-pdf-clean;NET.2.1-WLAN-Betrieb.pdf.clean.pdf;d9ecea1c25eb310ae4d0a53dcfb2be0dea5207bb986abb27889e884cdae3ad93;7;2696;1;100.0;True;False;vollstaendig;ok
net-2-2-wlan-nutzung-pdf-clean;NET.2.2-WLAN-Nutzung.pdf.clean.pdf;6596a41685e0ee046cfa846c313c79ae8869d9d4664d5915b8cba1fe9d8fb618;5;1613;1;100.0;True;False;vollstaendig;ok
net-3-1-router-und-switches-pdf-clean;NET.3.1-Router-und-Switches.pdf.clean.pdf;0b2846e9df3ca3fda441d9c281b7522ce3cc2bbc2e1f929330fd22e4dedf3aeb;8;2722;1;100.0;True;False;vollstaendig;ok
net-3-2-firewall-pdf-clean;NET.3.2-Firewall.pdf.clean.pdf;12709f4cf285d2c6fc4d5e2ff2d0e168269e35c14b9339c62a956981ce886561;8;3000;1;100.0;True;False;vollstaendig;ok
net-3-3-vpn-pdf-clean;NET.3.3-VPN.pdf.clean.pdf;e28e23aed909733f49809bc3b38f116da2914ff6236bed777f71ecb70f5fa842;5;1449;1;100.0;True;False;vollstaendig;ok
net-3-4-network-access-control-pdf-clean;NET.3.4-Network-Access-Control.pdf.clean.pdf;531115dca734590a6915f1055ec07cd236248f3ad9a08a8764485189401ba50c;11;4054;1;100.0;True;False;vollstaendig;ok
net-4-1-tk-anlagen-pdf-clean;NET.4.1-TK-Anlagen.pdf.clean.pdf;256bd6b42b7bec3d8b598596d5a0b863858e6a6553cd39ec211a85e11e69eedd;6;1988;1;100.0;True;False;vollstaendig;ok
net-4-2-voip-pdf-clean;NET.4.2-VoIP.pdf.clean.pdf;cb186b7db2dbea5d4a54bd25f48c9501d15a8ceb502c692bbde95283c1f5ba6c;6;2051;1;100.0;True;False;vollstaendig;ok
net-4-3-faxgera-te-und-faxserver-pdf-clean;NET.4.3-Faxgera-te-und-Faxserver.pdf.clean.pdf;3c9487d7121f22503fa8b849ad4383298e2eb401e675a9ef4b126e9e9ada8718;6;2376;1;100.0;True;False;vollstaendig;ok
nicht-modellierte-bausteine;Nicht-modellierte-Bausteine.xlsx;e2727ee25c70d8feaceedbc11c5f9cc7844aa660afc9b421acc05fc5b50d67ea;1;354;1;100.0;True;False;vollstaendig;ok
nis2-implementation-in-eu-member-states-openkritis;NIS2-Implementation-in-EU-Member-States-OpenKRITIS.pdf;b048b79d469d3ee3fae854869c1a422ada1b317416ce4222239b0e9fad92645a;10;2495;5;100.0;True;False;vollstaendig;ok
nis2-umsetzungsgesetz-in-deutschland-2025-openkritis;NIS2-Umsetzungsgesetz-in-Deutschland-2025-OpenKRITIS.pdf;de7d5ed1a620f89547681ef7d93a02fdcbf1e0cb2b5641b008bf26de18565565;28;8249;8;100.0;True;False;vollstaendig;ok
nis2-und-cer-sektoren-openkritis;NIS2-und-CER-Sektoren-OpenKRITIS.pdf;8a3ab3d2d08ce3f343dbf29476052fc327c48a04826dcdeea9c70cb85b43a6f3;12;2434;6;100.0;True;False;vollstaendig;ok
nis2-und-kritis-in-der-eu-openkritis;NIS2-und-KRITIS-in-der-EU-OpenKRITIS.pdf;19eecc1f3b572d08a54c89edac61970d3767545e3f4f7892768fe35aeda5cf94;8;1970;3;100.0;True;False;vollstaendig;ok
nist-cswp-29;NIST.CSWP.29.pdf;3c31f46fee98cac0c4323453e5109291a213b4de7fef8c058af9bf67f717433c;32;9486;4;100.0;True;False;vollstaendig;warn
nist-sp-800-218;NIST.SP.800-218.pdf;617746e553a9e2da49bfbd4eef0dfc3094758a39b869314e4173ac36605cde22;36;16778;23;100.0;True;False;vollstaendig;warn
nist-sp-800-218-ssdf-table;nist.sp.800-218.ssdf-table.xlsx;f5729c4c6c792cbf6cfbea74eee7cc84c579b2109006fe3cbfa8934eb460bd55;4;12970;4;100.0;True;False;vollstaendig;ok
nistir-8613-comments;NISTIR-8613-comments.xlsx;aa1c643eeda21933cba0003ee17baf73d4064158c806084fa3b913c16d6adfbb;1;87;1;100.0;True;False;vollstaendig;ok
ois;OIS.yml;d43300ecef66f286fe3bd1a81f86dc84578725d39a427d55cd5fc4c5dd3ac5f1;0;4256;0;100.0;True;False;vollstaendig;warn
ops;OPS.yml;2c15771f10bbaebd50cd1f0787dfc5e070f90533d8c7e0fde0d0d62415a47aa3;0;13167;0;100.0;True;False;vollstaendig;warn
ops-1-1-1-allgemeiner-it-betrieb-pdf-clean;OPS.1.1.1-Allgemeiner-IT-Betrieb.pdf.clean.pdf;ea256db143b006ab174a7ff7cda8fc4da48a0fa9fd77021faca9ccae7e810c90;11;4186;1;100.0;True;False;vollstaendig;ok
ops-1-1-2-ordnungsgema-e-it-administration-pdf-clean;OPS.1.1.2-Ordnungsgema-e-IT-Administration.pdf.clean.pdf;1cd6c569337d63c78f0e20524a07409318e5e5e7476545d4b21d587a1bf829ec;10;3588;1;100.0;True;False;vollstaendig;ok
ops-1-1-3-patch-und-a-nderungsmanagement-pdf-clean;OPS.1.1.3-Patch--und-A-nderungsmanagement.pdf.clean.pdf;59d066e61834eb827f3de661414932b026c37c783cc3638ebf3f561bba212776;7;2347;1;100.0;True;False;vollstaendig;ok
ops-1-1-4-schutz-vor-schadprogrammen-pdf-clean;OPS.1.1.4-Schutz-vor-Schadprogrammen.pdf.clean.pdf;1dfe102550dbe3215d3c859d3fcc28859bb01c31b6499b613b99c6e592d27d42;6;1996;1;100.0;True;False;vollstaendig;ok
ops-1-1-5-protokollierung-pdf-clean;OPS.1.1.5-Protokollierung.pdf.clean.pdf;89831fe7bbe6686685ae138dc09ab06453335e8798788148f09980118ced228c;7;2311;1;100.0;True;False;vollstaendig;ok
ops-1-1-6-software-tests-und-freigaben-pdf-clean;OPS.1.1.6-Software-Tests-und--Freigaben.pdf.clean.pdf;d0c0d2901a6ae706196a9e05f826ad82f70822e0c29b2a91468686d36adbae18;6;2169;1;100.0;True;False;vollstaendig;ok
ops-1-1-7-systemmanagement-pdf-clean;OPS.1.1.7-Systemmanagement.pdf.clean.pdf;0550e6272e2a6712930e3655230ce137d69f68251d1b12a7c636fec064c3c5dc;10;3135;1;100.0;True;False;vollstaendig;ok
ops-1-2-2-archivierung-pdf-clean;OPS.1.2.2-Archivierung.pdf.clean.pdf;063dc4dc46478ef835bc349a9cd56ca748303f4b4cd0f2c182f9bd843ab37d50;8;2724;1;100.0;True;False;vollstaendig;ok
ops-1-2-4-telearbeit-pdf-clean;OPS.1.2.4-Telearbeit.pdf.clean.pdf;2292fec3cd911e626789a24267a892968e9b272f883c31ada0d116832505713c;5;1394;1;100.0;True;False;vollstaendig;ok
ops-1-2-5-fernwartung-pdf-clean;OPS.1.2.5-Fernwartung.pdf.clean.pdf;4108357188993441fff3e5e8990b7b1624ebd5f975b0656a8d4dae423a2dc2db;7;2599;1;100.0;True;False;vollstaendig;ok
ops-1-2-6-ntp-zeitsynchronisation-pdf-clean;OPS.1.2.6-NTP-Zeitsynchronisation.pdf.clean.pdf;052da2881967d8f1af5f969694a34d8540c0c465a09b84c66f8817c977b0a609;5;1729;1;100.0;True;False;vollstaendig;ok
ops-2-2-cloud-nutzung-pdf-clean;OPS.2.2-Cloud-Nutzung.pdf.clean.pdf;93f17be4a592ee8ad40a337d339c86807486766437685a76e4d62be282b335c2;9;3483;1;100.0;True;False;vollstaendig;ok
ops-2-3-nutzung-von-outsourcing-pdf-clean;OPS.2.3-Nutzung-von-Outsourcing.pdf.clean.pdf;e2520fd95adf927974a6251d0377e18edfb7923ebeba5febb056e983db73a360;11;4050;1;100.0;True;False;vollstaendig;ok
ops-3-2-anbieten-von-outsourcing-pdf-clean;OPS.3.2-Anbieten-von-Outsourcing.pdf.clean.pdf;7720734e1d81f7e5536919ff2a395ee05e7fec3dde4a2ccb5ac45dbeba3a3c1c;9;3338;1;100.0;True;False;vollstaendig;ok
orientierungshilfe-systeme-zur-angriffserkennung-oh-sza-openkritis;Orientierungshilfe-Systeme-zur-Angriffserkennung-OH-SzA-OpenKRITIS.pdf;515ed1d765a54c770ca057de37bc964e554afabfa28daf5d483d4f2d96246e3a;11;2928;8;100.0;True;False;vollstaendig;warn
orp-1-organisation-pdf-clean;ORP.1-Organisation.pdf.clean.pdf;01f9b9a87faf5a444c9780620ef71e7d39c853a3c114f229545a601c35552594;5;1532;1;100.0;True;False;vollstaendig;ok
orp-2-personal-pdf-clean;ORP.2-Personal.pdf.clean.pdf;ff9f527476c4cc3e8d02836b3aec1c4e95ae030b5ced5810688aa22df5bc3416;5;1623;1;100.0;True;False;vollstaendig;ok
orp-3-sensibilisierung-und-schulung-zur-informationssicherheit-pdf-clean;ORP.3-Sensibilisierung-und-Schulung-zur-Informationssicherheit.pdf.clean.pdf;27ea3f46df84245dad38ffe4428f653c7dd22a170ec0f7351360ca043141babf;6;2027;1;100.0;True;False;vollstaendig;ok
orp-4-identita-ts-und-berechtigungsmanagement-pdf-clean;ORP.4-Identita-ts--und-Berechtigungsmanagement.pdf.clean.pdf;613238537b0467e5b92e3244fa21e4652ce278eb00d387b4a44641d7c4ec0d82;7;2671;1;100.0;True;False;vollstaendig;ok
orp-5-compliance-management-anforderungsmanagement-pdf-clean;ORP.5-Compliance-Management-Anforderungsmanagement-.pdf.clean.pdf;70560a9d846c6a5d8479d819b1727b34406a489d8bab203d6284cc8862c596a9;5;1379;1;100.0;True;False;vollstaendig;ok
owasp-genai-llm-top-10-2026-v1-0;OWASP-GenAI-LLM-Top-10-2026-v1.0.pdf;ef87993a4e50ae9d83b41ff7a3d3e6320a82dfa8d4ec6bf98d0ce264b2e6108e;122;32877;54;100.0;True;False;vollstaendig;warn
owasp-testing-guide-v4;OWASP-Testing-Guide-v4.pdf;b2c7804b8e5a4b4870a2f4d8580a1b2d034f039e8f23bf904682a1af6edd56b9;224;158860;33;99.997;True;False;Rest woertlich angehaengt;warn
owasp-top-10-for-agentic-applications-2026-12-6-1;OWASP-Top-10-for-Agentic-Applications-2026-12.6-1.pdf;a2db94cd00b08e0b3a5e5b619afe024bdbcd74503111085705e4f3dd886fcb5c;57;13996;16;100.0;True;False;vollstaendig;warn
pe-ma-deal-mechanik-cyber-dd;pe-ma-deal-mechanik-cyber-dd.md;cc6cba1e6d7fe3b3e81d0d9e77cb91a69ed8bd2e3e152fb2be311f69d01b1825;0;1044;1;;False;False;nicht gegengeprueft (Format);ok
personalsicherheit-und-schulungen-in-kritis-und-nis2-openkritis;Personalsicherheit-und-Schulungen-in-KRITIS-und-NIS2-OpenKRITIS.pdf;d267297a4dd957fadd7e01fe9f908389e052950ffdb58a572557585ce9176b00;7;1069;3;100.0;True;False;vollstaendig;warn
pi;PI.yml;0a137bd5c4edb9a99e28c9ee198211f1374dad7bb981cc871828cc3354e1921e;0;1755;0;100.0;True;False;vollstaendig;warn
ps;PS.yml;3b860494a66e4533b125ee056ed08ba9fd1514a22fe7d5adbba9b804bab6d5c4;0;4313;0;100.0;True;False;vollstaendig;warn
pss;PSS.yml;5a82d3087626ab5b6c9bcac4938850d7396c2bc47e3a1342783b155436edddb8;0;5471;0;100.0;True;False;vollstaendig;warn
realisierungsplan;Realisierungsplan.xlsx;daaf0e7f10fa4bf0b1ec25e238bf8987c8c9967b9dddf989d7923a7ec041c88e;1;4484;1;100.0;True;False;vollstaendig;ok
referenztabelle-mindeststandard-externe-cloud-dienste-v2-1-grundschutz2022;Referenztabelle-Mindeststandard-externe-Cloud-Dienste-V2-1-Grundschutz2022.xlsx;a0c0f0b5d2b949de26dd8cea11091e80040b1797ba9c0e62e69a6086a510d2f6;2;3448;1;100.0;True;False;vollstaendig;ok
referenztabelle-mindeststandard-isms-itkb-v1-0-grundschutz2023;Referenztabelle-Mindeststandard-ISMS-ITKB-V1-0-Grundschutz2023.xlsx;16acd031722ec070e6cf50b9a0469c0fc03e26bb3b2c522d105eaf296cda49f6;2;3772;1;100.0;True;False;vollstaendig;warn
referenztabelle-mindeststandard-mdm-v2-0-grundschutz2022;Referenztabelle-Mindeststandard-MDM-V2-0-Grundschutz2022.xlsx;ee3cebe320fecb9e4e4f9c37a15bddf5fc25f70c888e1a2200e50325a48f24ea;2;5541;1;100.0;True;False;vollstaendig;ok
referenztabelle-mindeststandard-tls-v2-4-grundschutz2023;Referenztabelle-Mindeststandard-TLS-V2-4-Grundschutz2023.xlsx;6ba4eff16b037b3b60c6b5f1c522b7710e0168fcdbd015078a12c87cc0454047;2;433;1;100.0;True;False;vollstaendig;ok
referenztabelle-mindeststandard-videokonferenzdienste-v1-0-grundschutz2021;Referenztabelle-Mindeststandard-Videokonferenzdienste-V1-0-Grundschutz2021.xlsx;4b4fa3ac5f9afd8c59e2f9a177978e65a997745bd39b85733009c1e673805eaa;2;2375;1;100.0;True;False;vollstaendig;ok
referenztabelle-mindeststandard-webbrowser-v3-0-grundschutz2023;Referenztabelle-Mindeststandard-Webbrowser-V3-0-Grundschutz2023.xlsx;74a3958e061b0a63e37356bada11a31121ddc679f1a4e6e93966dff734c68b0d;2;2189;1;100.0;True;False;vollstaendig;ok
referenztabelle-mst-pd-v2-1-grundschutz2023;Referenztabelle-MST-PD-V2-1-Grundschutz2023.xlsx;296588ec396d6da8d844df799875f63170db7927e5a11888abc342e89b1f1b54;2;3344;1;100.0;True;False;vollstaendig;ok
registrierung-unter-nis2-und-kritis-openkritis;Registrierung-unter-NIS2-und-KRITIS-OpenKRITIS.pdf;091f4561b801a0ec3ce818e6afe557c285d8511050f25b104e77ca0261f0c038;8;1689;1;100.0;True;False;vollstaendig;ok
regulatorik-querverbindungen-schnellreferenz;regulatorik-querverbindungen-schnellreferenz.md;eb8a8671fe562c74cee3574f31771ed2cf043d5c1f662b1b192695428c301a58;0;998;3;;False;False;nicht gegengeprueft (Format);ok
reifegrade-fu-r-cybersecurity-in-kritis-und-nis2-openkritis;Reifegrade-fu-r-Cybersecurity-in-KRITIS-und-NIS2-OpenKRITIS.pdf;ef3c96641b5c09dc88d53d38e879548aa48dcd9de997a590962bb1618e8eb263;11;1866;1;100.0;True;False;vollstaendig;ok
risiko-management-und-assets-in-kritischen-infrastrukturen-openkritis;Risiko-Management-und-Assets-in-Kritischen-Infrastrukturen-OpenKRITIS.pdf;f9db9d4311167a9f9ff8e20709a011ecb56af961c97f0f3e2c2c96b0023a02fa;9;2003;4;100.0;True;False;vollstaendig;ok
risikoanalyse;Risikoanalyse.xlsx;821b812c7d2ede37033023666006f277004660ce079610b18da2ef8976f6576e;2;41083;2;100.0;True;False;vollstaendig;ok
risikoanalyse-gp-ebene;Risikoanalyse-GP-Ebene.xlsx;1736a9f989a162cf38d87dcca7dd1763fb082d864af6fbb7b55a8e60c3aaebee;2;2328;2;100.0;True;False;vollstaendig;ok
schutzbedarfsfeststellung;Schutzbedarfsfeststellung.xlsx;0553a2a2cf82404dd06e2c1fd54ca570ffc8fd21fc39b658f40d746209c60d31;1;44439;1;100.0;True;False;vollstaendig;warn
sim;SIM.yml;9118964780c90e85c32081386711fbba177171c6d12c09acf7249f8e09e16e56;0;1551;0;100.0;True;False;vollstaendig;warn
solutions-landscape-red-teaming-taxonomy-v-1-0;Solutions-Landscape-Red-Teaming-Taxonomy-v.1.0.pdf;1735acc2e32c52d236d4e97e932f655a45cddee78a20f9b015da9de3c2fba207;13;2435;3;100.0;True;False;vollstaendig;ok
sp;SP.yml;12b785ece056cb89d60fd5437c8301c856332947df10324a6bb82a0a516d2e3f;0;1745;0;100.0;True;False;vollstaendig;warn
sp800-218-potential-updates;sp800-218-potential-updates.xlsx;a01878f030f093a3394b931d2753ea0467849391ed261167190df9b83c6f094d;1;172;3;100.0;True;False;vollstaendig;ok
sso;SSO.yml;dc6d0d37a4744e2e4d8103d632d7599fa50aca437a96d302ee8b78046d1fadb6;0;3539;0;100.0;True;False;vollstaendig;warn
stabsstelle-fu-r-nis2-und-kritis-openkritis;Stabsstelle-fu-r-NIS2-und-KRITIS-OpenKRITIS.pdf;6ad3712285d01604ae3ad5732fd13684ad603ae80cc6ad14b699e58dd1a6ac13;9;1753;6;100.0;True;False;vollstaendig;ok
state-of-agentic-ai-security-and-governance-v2-01;State-of-Agentic-AI-Security-and-Governance-v2.01.pdf;50b12699a427e653a3e879b28def402203b79aa0121df840cf5ffdfd8fb640c2;139;36566;63;100.0;True;False;vollstaendig;warn
sys-1-1-allgemeiner-server-pdf-clean;SYS.1.1-Allgemeiner-Server.pdf.clean.pdf;98a6070af1044597ad073f7447f5f489f3aedb5ad3bc7778e8515b941aaa5365;10;3593;1;100.0;True;False;vollstaendig;ok
sys-1-2-2-windows-server-2012-pdf-clean;SYS.1.2.2-Windows-Server-2012.pdf.clean.pdf;0982407dd01d527f4d3f7be6f161f0ea373012eb45ac0b4bf7c8f139d3e32df8;6;2168;1;100.0;True;False;vollstaendig;ok
sys-1-2-3-windows-server-pdf-clean;SYS.1.2.3-Windows-Server.pdf.clean.pdf;f95a3c269ea5c9850d62b6ef2ad3e0d1e5602d47692fb91fc68f0ea880c43a02;6;2112;1;100.0;True;False;vollstaendig;ok
sys-1-3-server-unter-linux-und-unix-pdf-clean;SYS.1.3-Server-unter-Linux-und-Unix.pdf.clean.pdf;08de5b7ea8aa6e9d38d4ddb1a88c48ea44e432e21cd45716edbd06055f85fe81;5;1680;1;100.0;True;False;vollstaendig;ok
sys-1-5-virtualisierung-pdf-clean;SYS.1.5-Virtualisierung.pdf.clean.pdf;6c0ab545bbb0372bb250d6604999890a05f6b7d37734f71fad53f57dc42999f0;8;2838;1;100.0;True;False;vollstaendig;ok
sys-1-6-containerisierung-pdf-clean;SYS.1.6-Containerisierung.pdf.clean.pdf;114d9fabc9077a93d24c778a4cb2959998bcaa233416415f6e2cbc05964f2393;9;3775;1;100.0;True;False;vollstaendig;ok
sys-1-7-ibm-z-pdf-clean;SYS.1.7-IBM-Z.pdf.clean.pdf;2a74807cb7e29670ea8996acaae5c8d19928497bb33220d384ed589358da4637;9;3938;1;100.0;True;False;vollstaendig;ok
sys-1-8-speicherlo-sungen-pdf-clean;SYS.1.8-Speicherlo-sungen.pdf.clean.pdf;bef82bc7df5fa643a0212b112b40991204939dd33320509169c504d97deaf25a;8;2913;1;100.0;True;False;vollstaendig;ok
sys-1-9-terminalserver-pdf-clean;SYS.1.9-Terminalserver.pdf.clean.pdf;3a9189fc981002c94ef6e76adde7b242435de41d4e3cb1f70223bce4d568947f;11;3970;1;100.0;True;False;vollstaendig;ok
sys-2-1-allgemeiner-client-pdf-clean;SYS.2.1-Allgemeiner-Client.pdf.clean.pdf;0e10f2a8890bf98015903cd86c8c26d76cb86782cad35ac0ab2c0c5b057cc23c;10;4024;1;100.0;True;False;vollstaendig;ok
sys-2-2-3-clients-unter-windows-pdf-clean;SYS.2.2.3-Clients-unter-Windows.pdf.clean.pdf;0c90811db72f9bc1368cdbf8f2336eae4fa04a02eae60d8c1303f4bd28f1fd17;7;2561;1;100.0;True;False;vollstaendig;ok
sys-2-3-clients-unter-linux-und-unix-pdf-clean;SYS.2.3-Clients-unter-Linux-und-Unix.pdf.clean.pdf;cd30e6b2d2b9cf1d85b32673459bc9607c66125c66dcf8732874c6161d91de47;6;1942;1;100.0;True;False;vollstaendig;ok
sys-2-4-clients-unter-macos-pdf-clean;SYS.2.4-Clients-unter-macOS.pdf.clean.pdf;81cd16141da69750a1bbf5ece7cd7672ac2af9c11bac9a254ed8389e8923371e;5;1606;1;100.0;True;False;vollstaendig;ok
sys-2-5-client-virtualisierung-pdf-clean;SYS.2.5-Client-Virtualisierung.pdf.clean.pdf;b8f6dff073edf2dc6d5de029083589f34100997866b06b21157fe1dbaaaaefcd;8;2916;1;100.0;True;False;vollstaendig;ok
sys-2-6-virtual-desktop-infrastructure-pdf-clean;SYS.2.6-Virtual-Desktop-Infrastructure.pdf.clean.pdf;827f9a750a63cd8b31b4dcf7410e5d254518e8f78af515b5a19f42f2896033d6;8;2541;1;100.0;True;False;vollstaendig;ok
sys-3-1-laptops-pdf-clean;SYS.3.1-Laptops.pdf.clean.pdf;7a5cdaf6d9a3f31b20c785995d3ea7467c5e452dabd508c383e4db85e65b615c;5;1670;1;100.0;True;False;vollstaendig;ok
sys-3-2-1-allgemeine-smartphones-und-tablets-pdf-clean;SYS.3.2.1-Allgemeine-Smartphones-und-Tablets.pdf.clean.pdf;07a7518dc624b0e8e1d947fafb064e84ddccad00e3634be68c74e3807ece4f9f;9;3375;1;100.0;True;False;vollstaendig;ok
sys-3-2-2-mobile-device-management-mdm-pdf-clean;SYS.3.2.2-Mobile-Device-Management-MDM-.pdf.clean.pdf;4790bd4f7478ceb7e032ededf042fe51384e75cd4f4c6c3c26c94e87c990a0c0;6;2255;1;100.0;True;False;vollstaendig;ok
sys-3-2-3-ios-for-enterprise-pdf-clean;SYS.3.2.3-iOS-for-Enterprise-.pdf.clean.pdf;8f5408f4b81652ddebd7c642b0c924d54118115d12e184501c654d8239c9dccc;6;2063;1;100.0;True;False;vollstaendig;ok
sys-3-2-4-android-pdf-clean;SYS.3.2.4-Android.pdf.clean.pdf;166a6db96e28ae9dfa987a6a1ab9b405dc530e37a82cbc8c3c2549e5bbffa62a;4;1126;1;100.0;True;False;vollstaendig;ok
sys-3-3-mobiltelefon-pdf-clean;SYS.3.3-Mobiltelefon.pdf.clean.pdf;d41d73836095763b029b0819165a581aa53c5129a927a584a9722d27eb25a45c;6;2186;1;100.0;True;False;vollstaendig;ok
sys-4-1-drucker-kopierer-und-multifunktionsgera-te-pdf-clean;SYS.4.1-Drucker-Kopierer-und-Multifunktionsgera-te.pdf.clean.pdf;c58d63ab236bd9715d1632d7fd77793c037c2d6aee52328cc9100f73588a7af6;9;3418;1;100.0;True;False;vollstaendig;ok
sys-4-3-eingebettete-systeme-pdf-clean;SYS.4.3-Eingebettete-Systeme.pdf.clean.pdf;9a8955fe1b11deefa6f25f9ced4c698512c1ab65d02ef66598c249e3d8ffa2d2;7;2478;1;100.0;True;False;vollstaendig;ok
sys-4-4-allgemeines-iot-gera-t-pdf-clean;SYS.4.4-Allgemeines-IoT-Gera-t.pdf.clean.pdf;812c746f01a389cfaf026e7530c1a43b7408769007d8acbcfcf4d33ae2450dc3;7;2514;1;100.0;True;False;vollstaendig;ok
sys-4-5-wechseldatentra-ger-pdf-clean;SYS.4.5-Wechseldatentra-ger.pdf.clean.pdf;2c41e1f01c8631ebe485f200657afd25c912f4f4e8821fb0fc08cdff26f7356f;6;1654;1;100.0;True;False;vollstaendig;ok
technische-sicherheit-in-nis2-openkritis;Technische-Sicherheit-in-NIS2-OpenKRITIS.pdf;4446162c746e515471415bf179e8dc1fda9de66c0a3acc7efb555932ab823e6e;15;2612;13;100.0;True;False;vollstaendig;warn
threatlage-tooling-mittelstand;threatlage-tooling-mittelstand.md;8b857b3f62a673ff17d072df9c7729009d3edf30f98ce40935868f9c7b4569de;0;726;2;;False;False;nicht gegengeprueft (Format);warn
tisax-isa2027-en;TISAX---ISA2027-EN.xlsx;b0be6d71dda4a0d6214c8462c983b375d8c0d4516da5d317d0a61738c16dadaa;11;44472;94;100.0;True;False;vollstaendig;warn
tisax-simplified-group-assessment-version-1-1;TISAX-Simplified-Group-Assessment-Version-1.1.pdf;1f4c1a550ccba9fd309462f94ba90be6b0fa4861d6d19876aa7ecad52650f1e8;32;7943;12;100.0;True;False;vollstaendig;warn
tisax-teilnahmebedingunggen-de-en;TISAX-Teilnahmebedingunggen-DE-EN.pdf;cf0d97ef92c9b7967e8f14063a4a181993242b0fbbc71e76d03c86622f311ca3;15;12564;0;99.992;True;False;Rest woertlich angehaengt;warn
tisax-teilnehmerhandbuch;TISAX-Teilnehmerhandbuch.pdf;aba13af80221d4c0e616202f36d2bd066a7924327397a02a38146e879ad94095;158;31994;62;100.0;True;False;vollstaendig;warn
tisax-training-tuev-sued;TISAX-Training-TUEV-SUED.pptx;fb646352939b0b88f11df7012fb1fb9dc961093ab9cb91496917f9a2c441e5cd;73;67;0;100.0;True;False;vollstaendig;ok
uebersicht-da-it-grundschutz-kompendium-2023;Uebersicht_DA-IT-Grundschutz_Kompendium_2023.xlsx;5944d22410bd96a3c9b8bf50eefdf7c1d50ceab0df0700d56e7e59d1ebe49a6a;7;9788;8;100.0;True;False;vollstaendig;warn
uebersicht-weiterfuehrende-dokumente;Uebersicht-weiterfuehrende-Dokumente.xlsx;88c29e92095f792321ae7e21178d68fd09410e383ec5f343205e5d24d894256c;1;293;7;100.0;True;False;vollstaendig;warn
umsetzungshinweise-mindeststandards-externe-cloud-dienste-version-2-1;Umsetzungshinweise_Mindeststandards_Externe_Cloud-Dienste_Version_2_1.pdf;81840cc14767bf5c2c9cc929bd813457e8acf10986233f070809b7ed69f9f1a1;30;10709;6;100.0;True;False;vollstaendig;ok
vda-stellungnahme-kritis-vo-juni-2026;VDA-Stellungnahme-KRITIS-VO_Juni-2026.pdf;886439da345f77f9bf577307c8642239893e7858b785984bfb0291c12c810939;9;2163;1;100.0;True;False;vollstaendig;warn
version-und-lizenz;Version-und-Lizenz.yml;189c4a1909ae490d4e4b7710bd55b4ee6eec048e0a4201d80ea950dee6f7099f;0;111;0;100.0;True;False;vollstaendig;warn
vo-eu-2019-2033-art-12-1-1;VO-EU-2019-2033-Art.-12-1-1.pdf;776acb19c2c857a82dab8e5625c556d7e40a07f0b80451f5735da3c90a8f5c39;110;40640;6;100.0;True;False;vollstaendig;warn
vorfallsmanagement-in-nis2-und-kritis-openkritis;Vorfallsmanagement-in-NIS2-und-KRITIS-OpenKRITIS.pdf;f80dc82d3a3fb73916a9a535792c92518a38d423b034095697f5b26e7fd9132c;7;1354;4;100.0;True;False;vollstaendig;warn
weg-in-die-basis-absicherung-empfohlene-bearbeitungsreihenfolge;Weg_in_die_Basis_Absicherung_Empfohlene_Bearbeitungsreihenfolge.pdf;08e8ed52c197790037d08c379cebc4e02e4f858c00d282988ad2fa17e111f0de;5;653;0;100.0;True;False;vollstaendig;ok
weg-in-die-basis-absicherung-management-summary;Weg_in_die_Basis_Absicherung_Management_Summary.pdf;72e377e61504183695dbc5a384bb2074bf9ed3a5fd9a4e3af5626bf18b79e00b;8;1009;1;100.0;True;False;vollstaendig;ok
weg-in-die-basis-absicherung-vorgehensweise;Weg_in_die_Basis_Absicherung_Vorgehensweise.pdf;7a464efc727cb2a82d3836797693c477fae2f0f6bcf78d13d924b023d888a04a;15;3091;2;100.0;True;False;vollstaendig;ok
wiba-aenderungsdokument;WiBA-Aenderungsdokument.xlsx;998d5093beb7a62c68ea3c3f468860d7903ff8f3bb68c3bfdade3a84e3324e8e;1;1892;2;100.0;True;False;vollstaendig;warn
wiba-feuerwehr;WiBA-Feuerwehr.xlsx;ccd8f67e06b457da279bf4aac8942e8c627576e097cb228b24427a7e0271ac64;3;5335;6;100.0;True;False;vollstaendig;ok
wiba-mapping-2023;WiBA_Mapping_2023.xlsx;6a98b6f920ab2d3acfa5cf816676e4d928890188f5b9b877a695d883545f2716;2;64968;1;100.0;True;False;vollstaendig;warn
wiba-tool-excel;WiBA_Tool_Excel.xlsx;68d42f7c2ec8b69b20d6e1478a56f34ad056cc82eeb2a4ccf6564c2477f909fb;3;16573;4;100.0;True;False;vollstaendig;ok
wolf-bcm-erhebungstool;Wolf_BCM_Erhebungstool.xlsx;107cd9d1524a3cc31bb9934212e5c32f7210bfd30951ce4554bab8a23fe54a27;21;70924;160;100.0;True;False;vollstaendig;ok
wolf-bcm-reifegrad;Wolf_BCM_Reifegrad.pdf;b6f9f7cb917b154a51fa900346bdb3ff006e622007a37afef95cb28d46885697;167;30697;91;99.99;True;False;Rest woertlich angehaengt;warn
wstg-v4-2;wstg-v4.2.pdf;0f1cd587e62539c9badd23699a99a351bf3468c3601980efa0a3b4a5b6ab6f6e;465;154506;27;99.995;True;False;Rest woertlich angehaengt;warn
zuordnung-iso-und-it-grundschutz-edit-6;Zuordnung_ISO_und_IT_Grundschutz_Edit_6.pdf;5edaea4be3ee7950b783ab1af05e48416bc39a818c51fd2e9ab1e5dd302f2cfd;31;7388;30;100.0;True;False;vollstaendig;warn
zuordnung-prozesse-standort;Zuordnung-Prozesse-Standort.xlsx;2d1830024537844c3cb3f42f2393d3749f6a7ce6d1a706c441344f240ef529da;1;97;3;100.0;True;False;vollstaendig;ok
